Workbook

Sheet Instructions
B1: Healthcare Interoperability Readiness Matrix for EMR Systems
B2: Tiered (Level 0–4) conformance testing of EMR systems applying to be used in the Health Information Exchange (HIE) for patient eReferral
B3: DRAFT — Version unreleased draft · branch main · commit a02e58b (built 2026-10-19 11:55 PHT). Thresholds and policy values are PROPOSED — for DOH approval. Definitions, the Technical Baseline (TB-), Terminology & Registry Sources (SRC-), FHIR Traceability (TR-), Indicator Definitions (IND-), Certification & Revalidation rules and the Glossary are in the companion document "HIE System Validation — Technical Reference Guide" (the Reference Guide).
B5: 1. WHAT THIS WORKBOOK DOES
B6: Decides, level by level, whether an EMR SYSTEM (the product) conforms to the national HL7 FHIR standards (PH Core and PHeReF) and may be used in the HIE for electronic referral. It tests the product on the DOH test environment (sandbox) with fictional test data only. Facility deployment (contracts, privacy registration, data sharing agreements, ICT assets, training) is outside this tool. Level 2D is security conformance testing — not a vulnerability assessment and penetration test (VAPT).
B8: 2. THE LEVELS (each level is a gate)
B9: • Level 0 Application & Commitment · Level 1 Product Documentation · Level 2 Interoperability Testing — 2A TS0 Terminology & Registries (test first), 2B TS1 Submission, 2C TS2 Retrieval, 2D Security, Reliability & Exception Handling (TEC- security checks and TS3- exception scenarios) · Level 3 Reports & Dashboard · Level 4 Advanced (Core-track and Maturity items).
B10: • Conformant for use in the HIE = Levels 0 to 3 PASSED and no critical item Not Met. Level 4 is the maturity target.
B12: 3. HOW TO SCORE A ROW
B13: • Binary: choose Met or Not Met. • Count / All-or-nothing: mark every ↳ sub-item Met / Not Met / Not Tested / N/A — the score is calculated. • Tier (L1-04 only): choose the integration level.
B14: • ★ / "Yes" in the Critical column = critical: it must be Met (N/A on a critical item counts as Not Met). • Not Tested blocks the level. • Always write the reason for N/A and the evidence reference in the Notes column.
B15: • Each row has a DEVELOPER'S GUIDE (what the vendor must prepare) and a VALIDATOR'S GUIDE (how to verify). Level 2 and 4 items must be confirmed with server-side evidence, not the EMR screen alone.
... B25: For anything not explained here — terms, ID prefixes, baselines, named sources, FHIR mappings, indicator rules, evidence options, roles of the Regional Validation Team and certification rules — see the HIE System Validation — Technical Reference Guide.

Sheet Summary
B1: Healthcare Interoperability Readiness Matrix for EMR Systems — Summary Scorecard
B2: System under test: | C2: ='System Profile'!C7&" "&'System Profile'!C8 | E2: Service provider: | F2: ='System Profile'!C6
B3: Applicant category: | C3: ='System Profile'!C14 | E3: Application no.: | F3: ='System Profile'!C5
B4: =IF($C$23="Approved","Threshold status: APPROVED by "&$C$24&" on "&TEXT($C$25,"dd mmm yyyy")&" ("&$C$26&")","Threshold status: PROPOSED — for DOH approval (see Threshold Policy below)")
B6: Level | C6: Score % | D6: Pass threshold | E6: Critical not met | F6: Items not tested | G6: Evaluation progress | H6: Sheet status | I6: LEVEL STATUS (gated)
B7: Level 0 — Application & Commitment | C7: ='L0 Application'!D4 | D7: 0.9 | E7: ='L0 Application'!D6 | F7: ='L0 Application'!F4 | G7: ='L0 Application'!D7 | H7: ='L0 Application'!F6 | I7: =H7
B8: Level 1 — Product Documentation | C8: ='L1 Documentation'!D4 | D8: 0.85 | E8: ='L1 Documentation'!D6 | F8: ='L1 Documentation'!F4 | G8: ='L1 Documentation'!D7 | H8: ='L1 Documentation'!F6 | I8: =IF(I7<>"PASSED","LOCKED",H8)
B9: Level 2 — Interoperability Testing (all parts) | C9: =IF((SUM('L2-A TS0-Terminology'!Q10:Q300)+SUM('L2-B TS1-Submission'!Q10:Q300)+SUM('L2-C TS2-Retrieval'!Q10:Q300)+SUM('L2-D System Resilience'!Q10:Q300))=0,0,(SUM('L2-A TS0-Terminology'!R10:R300)+SUM('L2-B TS1-Submission'!R10:R300)+SUM('L2-C TS2-Retrieval'!R10:R300)+SUM('L2-D System Resilience'!R10:R300))/(SUM('L2-A TS0-Terminology'!Q10:Q300)+SUM('L2-B TS1-Submission'!Q10:Q300)+SUM('L2-C TS2-Retrieval'!Q10:Q300)+SUM('L2-D System Resilience'!Q10:Q300))) | D9: All parts | E9: =SUM(E10:E13) | F9: =SUM(F10:F13) | G9: =IF(('L2-A TS0-Terminology'!F7+'L2-B TS1-Submission'!F7+'L2-C TS2-Retrieval'!F7+'L2-D System Resilience'!F7)=0,0,(('L2-A TS0-Terminology'!F7+'L2-B TS1-Submission'!F7+'L2-C TS2-Retrieval'!F7+'L2-D System Resilience'!F7)-F9)/('L2-A TS0-Terminology'!F7+'L2-B TS1-Submission'!F7+'L2-C TS2-Retrieval'!F7+'L2-D System Resilience'!F7)) | H9: =IF(F9>0,"INCOMPLETE",IF(AND(H10="PASSED",H11="PASSED",H12="PASSED",H13="PASSED"),"PASSED","NOT PASSED")) | I9: =IF(I8<>"PASSED","LOCKED",H9)
B10: 2A TS0 Terminology & Registries (gate) | C10: ='L2-A TS0-Terminology'!D4 | D10: 0.85 | E10: ='L2-A TS0-Terminology'!D6 | F10: ='L2-A TS0-Terminology'!F4 | G10: ='L2-A TS0-Terminology'!D7 | H10: ='L2-A TS0-Terminology'!F6 | I10: (part of Level 2)
B11: 2B TS1 eReferral Submission | C11: ='L2-B TS1-Submission'!D4 | D11: 0.85 | E11: ='L2-B TS1-Submission'!D6 | F11: ='L2-B TS1-Submission'!F4 | G11: ='L2-B TS1-Submission'!D7 | H11: ='L2-B TS1-Submission'!F6 | I11: (part of Level 2)
B12: 2C TS2 eReferral Retrieval | C12: ='L2-C TS2-Retrieval'!D4 | D12: 0.85 | E12: ='L2-C TS2-Retrieval'!D6 | F12: ='L2-C TS2-Retrieval'!F4 | G12: ='L2-C TS2-Retrieval'!D7 | H12: ='L2-C TS2-Retrieval'!F6 | I12: (part of Level 2)
B13: 2D Security, Reliability & Exception Handling | C13: ='L2-D System Resilience'!D4 | D13: 0.85 | E13: ='L2-D System Resilience'!D6 | F13: ='L2-D System Resilience'!F4 | G13: ='L2-D System Resilience'!D7 | H13: ='L2-D System Resilience'!F6 | I13: (part of Level 2)
B14: Level 3 — Reports & Dashboard | C14: ='L3 Reports'!D4 | D14: 0.85 | E14: ='L3 Reports'!D6 | F14: ='L3 Reports'!F4 | G14: ='L3 Reports'!D7 | H14: ='L3 Reports'!F6 | I14: =IF(I9<>"PASSED","LOCKED",H14)
B15: Level 4 — Advanced Interoperability | C15: ='L4 Advanced'!D4 | D15: 0.75 | E15: ='L4 Advanced'!D6 | F15: ='L4 Advanced'!F4 | G15: ='L4 Advanced'!D7 | H15: ='L4 Advanced'!F6 | I15: =IF(I14<>"PASSED","LOCKED",H15)
B18: HIGHEST LEVEL ACHIEVED | C18: =IF(I7<>"PASSED","None yet",IF(I8<>"PASSED","Level 0",IF(I9<>"PASSED","Level 1",IF(I14<>"PASSED","Level 2",IF(I15<>"PASSED","Level 3","Level 4")))))
B19: Conformant for use in the HIE? | C19: =IF(I14="PASSED","YES — Levels 0 to 3 passed; system may be offered to HIE facilities (Level 4 = advanced)"&IF($C$23<>"Approved"," — PROVISIONAL: pass thresholds not yet approved",""),"NOT YET")
B21: THRESHOLD POLICY (pass thresholds in column D above, and policy defaults in the Reference Guide, Ch. 3 and 7)
B22: Thresholds are DOH policy, not evaluator choices. Change the status to Approved only after approval is recorded; lock column D afterwards. All systems are evaluated against the same approved values.
B23: Policy status | C23: Proposed | F23: =IF(AND($C$23="Approved",OR($C$24="",$C$25="",$C$26="")),"⚠ Complete the approval details","")
B24: Approved by (body / meeting)
B25: Date approved
B26: Reference (resolution / minutes no.)
B28: COUNT REGISTER — live counts; quote these figures in presentations and review documents
B29: Sheet / part | C29: Criteria | D29: Critical criteria | E29: ★ critical sub-items | F29: Sub-items | G29: Info-only (W0) | H29: Scored criteria | I29: Pass threshold
B30: Level 0 | C30: =COUNTIF('L0 Application'!$T$10:$T$300,"Criterion") | D30: =COUNTIFS('L0 Application'!$H$10:$H$300,"Yes",'L0 Application'!$T$10:$T$300,"Criterion") | E30: =COUNTIFS('L0 Application'!$H$10:$H$300,"Yes",'L0 Application'!$T$10:$T$300,"Sub") | F30: =COUNTIF('L0 Application'!$T$10:$T$300,"Sub") | G30: =COUNTIFS('L0 Application'!$I$10:$I$300,0,'L0 Application'!$T$10:$T$300,"Criterion") | H30: =C30-G30 | I30: =D7
B31: Level 1 | C31: =COUNTIF('L1 Documentation'!$T$10:$T$300,"Criterion") | D31: =COUNTIFS('L1 Documentation'!$H$10:$H$300,"Yes",'L1 Documentation'!$T$10:$T$300,"Criterion") | E31: =COUNTIFS('L1 Documentation'!$H$10:$H$300,"Yes",'L1 Documentation'!$T$10:$T$300,"Sub") | F31: =COUNTIF('L1 Documentation'!$T$10:$T$300,"Sub") | G31: =COUNTIFS('L1 Documentation'!$I$10:$I$300,0,'L1 Documentation'!$T$10:$T$300,"Criterion") | H31: =C31-G31 | I31: =D8
B32: 2A TS0 | C32: =COUNTIF('L2-A TS0-Terminology'!$T$10:$T$300,"Criterion") | D32: =COUNTIFS('L2-A TS0-Terminology'!$H$10:$H$300,"Yes",'L2-A TS0-Terminology'!$T$10:$T$300,"Criterion") | E32: =COUNTIFS('L2-A TS0-Terminology'!$H$10:$H$300,"Yes",'L2-A TS0-Terminology'!$T$10:$T$300,"Sub") | F32: =COUNTIF('L2-A TS0-Terminology'!$T$10:$T$300,"Sub") | G32: =COUNTIFS('L2-A TS0-Terminology'!$I$10:$I$300,0,'L2-A TS0-Terminology'!$T$10:$T$300,"Criterion") | H32: =C32-G32 | I32: =D10
B33: 2B TS1 | C33: =COUNTIF('L2-B TS1-Submission'!$T$10:$T$300,"Criterion") | D33: =COUNTIFS('L2-B TS1-Submission'!$H$10:$H$300,"Yes",'L2-B TS1-Submission'!$T$10:$T$300,"Criterion") | E33: =COUNTIFS('L2-B TS1-Submission'!$H$10:$H$300,"Yes",'L2-B TS1-Submission'!$T$10:$T$300,"Sub") | F33: =COUNTIF('L2-B TS1-Submission'!$T$10:$T$300,"Sub") | G33: =COUNTIFS('L2-B TS1-Submission'!$I$10:$I$300,0,'L2-B TS1-Submission'!$T$10:$T$300,"Criterion") | H33: =C33-G33 | I33: =D11
B34: 2C TS2 | C34: =COUNTIF('L2-C TS2-Retrieval'!$T$10:$T$300,"Criterion") | D34: =COUNTIFS('L2-C TS2-Retrieval'!$H$10:$H$300,"Yes",'L2-C TS2-Retrieval'!$T$10:$T$300,"Criterion") | E34: =COUNTIFS('L2-C TS2-Retrieval'!$H$10:$H$300,"Yes",'L2-C TS2-Retrieval'!$T$10:$T$300,"Sub") | F34: =COUNTIF('L2-C TS2-Retrieval'!$T$10:$T$300,"Sub") | G34: =COUNTIFS('L2-C TS2-Retrieval'!$I$10:$I$300,0,'L2-C TS2-Retrieval'!$T$10:$T$300,"Criterion") | H34: =C34-G34 | I34: =D12
B35: 2D Security, Reliability & Exceptions | C35: =COUNTIF('L2-D System Resilience'!$T$10:$T$300,"Criterion") | D35: =COUNTIFS('L2-D System Resilience'!$H$10:$H$300,"Yes",'L2-D System Resilience'!$T$10:$T$300,"Criterion") | E35: =COUNTIFS('L2-D System Resilience'!$H$10:$H$300,"Yes",'L2-D System Resilience'!$T$10:$T$300,"Sub") | F35: =COUNTIF('L2-D System Resilience'!$T$10:$T$300,"Sub") | G35: =COUNTIFS('L2-D System Resilience'!$I$10:$I$300,0,'L2-D System Resilience'!$T$10:$T$300,"Criterion") | H35: =C35-G35 | I35: =D13
B36: Level 3 | C36: =COUNTIF('L3 Reports'!$T$10:$T$300,"Criterion") | D36: =COUNTIFS('L3 Reports'!$H$10:$H$300,"Yes",'L3 Reports'!$T$10:$T$300,"Criterion") | E36: =COUNTIFS('L3 Reports'!$H$10:$H$300,"Yes",'L3 Reports'!$T$10:$T$300,"Sub") | F36: =COUNTIF('L3 Reports'!$T$10:$T$300,"Sub") | G36: =COUNTIFS('L3 Reports'!$I$10:$I$300,0,'L3 Reports'!$T$10:$T$300,"Criterion") | H36: =C36-G36 | I36: =D14
B37: Level 4 | C37: =COUNTIF('L4 Advanced'!$T$10:$T$300,"Criterion") | D37: =COUNTIFS('L4 Advanced'!$H$10:$H$300,"Yes",'L4 Advanced'!$T$10:$T$300,"Criterion") | E37: =COUNTIFS('L4 Advanced'!$H$10:$H$300,"Yes",'L4 Advanced'!$T$10:$T$300,"Sub") | F37: =COUNTIF('L4 Advanced'!$T$10:$T$300,"Sub") | G37: =COUNTIFS('L4 Advanced'!$I$10:$I$300,0,'L4 Advanced'!$T$10:$T$300,"Criterion") | H37: =C37-G37 | I37: =D15
B38: TOTAL (all levels) | C38: =SUM(C30:C37) | D38: =SUM(D30:D37) | E38: =SUM(E30:E37) | F38: =SUM(F30:F37) | G38: =SUM(G30:G37) | H38: =SUM(H30:H37)
B39: of which Level 2 (all four parts) | C39: =SUM(C32:C35) | D39: =SUM(D32:D35) | E39: =SUM(E32:E35) | F39: =SUM(F32:F35) | G39: =SUM(G32:G35) | H39: =SUM(H32:H35)
B41: RETIRED / MOVED CRITERION IDs — IDs are never renumbered or reused
B42: ID | C42: Revision | D42: Action | E42: Now tested in | F42: Reason
B43: TEC-06 | C43: Rev 7 | D43: Moved | E43: TS3-05 | F43: Downtime handling now tested with retry / duplication checks in the TS3 exception scenarios of Level 2D.
B44: L4-06 | C44: Rev 7 | D44: Moved | E44: TS2-13 | F44: Status timestamps are fundamental — now critical in Level 2.
B45: L4-08 | C45: Rev 7 | D45: Moved | E45: TS1-16 | F45: Patient de-duplication is fundamental — now critical in Level 2.
B46: L4-09 | C46: Rev 7 | D46: Merged | E46: TS0-06.2 | F46: NHFR-sourced facility data checked with the NHFR critical sub-item.
B47: TS2-11.5 | C47: Rev 7 | D47: Merged | E47: TS2-13.2 | F47: Received date/time now checked in the status-history criterion.
B48: L4-07 | C48: After Rev 2 | D48: Moved | E48: TS0-07 | F48: Identifier format validation (Connectathon Issue #5) moved to TS0-07 as a critical item. Number not reused.
B49: L4-12 | C49: Rev 6 | D49: Removed | E49: — | F49: Official conformance suite (Inferno) — removed until an official PHeReF test kit exists.
B50: L4-13 | C50: Rev 6 | D50: Removed | E50: — | F50: SMART on FHIR launch — removed; maturity target outside current scope.
B52: HOW TO READ THIS SHEET
B53: Score % = weighted share of criteria met (count items give partial credit by count). Evaluation progress = share of items already evaluated.
B54: Sheet status: INCOMPLETE (some items Not Tested) → NOT PASSED (a critical item or ★ sub-item not met, or score below threshold) → PASSED.
B55: Level status (gated): a level is LOCKED until the level before it is PASSED. Level 2 passes only when all four parts pass (2A–2D).
B56: Thresholds (yellow, column D) are policy settings — PROPOSED until the Threshold Policy above is set to Approved. Fix them before any evaluation begins and apply them equally to all systems.
B57: Conformance assumes Level 3 is the minimum for the system to be offered to HIE facilities; Level 4 contains Core-track items (to migrate to Level 2) and Maturity items. A certificate is issued only when no critical item is Not Met (Printed Evaluation Report, section D).

Sheet System Profile
A1: System Profile
A2: Fill in the yellow cells. This information appears on the Summary sheet.
A4: A. GENERAL INFORMATION (to be accomplished by the Service Provider)
A5: A.0 | B5: Application No. (assigned by the Administrator)
A6: A.1 | B6: Name of Service Provider / Vendor
A7: A.2 | B7: System Name
A8: A.3 | B8: System Version / Build
A9: A.4 | B9: Developer / Technical Contact Name
A10: A.5 | B10: Designation
A11: A.6 | B11: Contact Number / Email
A12: A.7 | B12: Deployment type (Cloud / On-premise / Hybrid)
A13: B. APPLICANT CATEGORY
A14: B.1 | B14: Category (Third-party EMR provider / In-house developed system)
A15: B.2 | B15: Date application received by DOH
A16: B.3 | B16: Previous conformance result / reference no. (if re-evaluation)
A17: C. EVALUATION DETAILS — REGIONAL VALIDATION TEAM (these names appear on the Sign-Off of the Printed Evaluation Report)
B18: Role | C18: Name | D18: Name of Agency | E18: Designation
A19: C.1 | B19: Technical Lead (required)
A20: C.2 | B20: Validator 1 (required)
A21: C.3 | B21: Validator 2 (required)
A22: C.4 | B22: Validator 3 (optional)
A23: C.5 | B23: Administrator
A24: C.6 | B24: Observer 1 (required)
A25: C.7 | B25: Observer 2 (optional)
B26: Team composition check | C26: =IF(AND(C19<>"",COUNTA(C20:C22)>=2,COUNTA(C24:C25)>=1),"✓ Complete — "&COUNTA(C20:C22)&" validator(s), "&COUNTA(C24:C25)&" observer(s)","Incomplete — requires a Technical Lead, 2 to 3 validators and 1 to 2 observers")
A27: C.8 | B27: Date(s) of evaluation — Level 0
A28: C.9 | B28: Date(s) of evaluation — Level 1
A29: C.10 | B29: Date(s) of evaluation — Level 2
A30: C.11 | B30: Date(s) of evaluation — Level 3
A31: C.12 | B31: Date(s) of evaluation — Level 4
A32: C.13 | B32: Evaluation type (Initial / Re-evaluation after update)
A33: C.14 | B33: Conducting DOH office / region (printed on the report letterhead)
A35: D. VERSIONS TESTED AND CERTIFICATE (to be filled by the Regional Validation Team)
A36: D.1 | B36: Version / build actually tested (if different from A.3, record why) | D36: =IF(OR(C36="",C36=C8),"","⚠ Differs from A.3 — record the reason")
A37: D.2 | B37: PH Core IG version tested (e.g., 0.2.0)
A38: D.3 | B38: PHeReF IG version tested (e.g., 0.1.0)
A39: D.4 | B39: Terminology / PSGC release used on the sandbox
A40: D.5 | B40: Certificate no. (assigned on approval)
A41: D.6 | B41: Date of approval
A42: D.7 | B42: Valid until (auto: 2 years from approval — PROPOSED) | C42: =IF(C41="","",EDATE(C41,24))
A43: D.8 | B43: Conditions, if any

Sheet Test Data
A1: Test Data — standard values for Level 2 and Level 3 testing
A2: ALL DATA ARE FICTIONAL and for testing only — not clinical advice. Replace the [bracketed] placeholders with the official test facilities/IDs issued by the DOH before testing. The same values must be used for every system evaluated. ★ = critical sub-item.
A4: SECTION A — Test referral (enter in the referring EMR for TS1; compare on the receiving EMR for TS2)
A5: Ref (criterion / sub-item) | B5: Data element | C5: Test value to enter | D5: Value seen at receiving EMR (TS2)
A6: TS1-01.1 | B6: HCPN name | C6: [Test Dummy HCPN name]
A7: TS1-01.2 | B7: Initiating (referring) facility name | C7: [Test referring facility]
A8: TS1-01.3 | B8: Initiating facility NHFR code ★ | C8: [NHFR code of test referring facility]
A9: TS1-01.4 | B9: Initiating facility address | C9: [Official address, PSGC-coded]
A10: TS1-01.5 | B10: Initiating facility contact number | C10: [Facility landline/mobile]
A11: TS1-02.1 | B11: Receiving facility name | C11: [Test receiving facility]
A12: TS1-02.2 | B12: Receiving facility NHFR code ★ | C12: [NHFR code of test receiving facility]
A13: TS1-02.3 | B13: Receiving facility address | C13: [Official address, PSGC-coded]
A14: TS1-03.1 | B14: Name of referring practitioner | C14: TEST Dr. Ana Reyes
A15: TS1-03.2 | B15: Referring practitioner role ★ | C15: Medical practitioner (SNOMED CT 158965000)
A16: TS1-03.3 | B16: Care navigator at referring facility (if assigned) | C16: TEST Nurse Liza Cruz
A17: TS1-04.1 | B17: Patient full name | C17: TEST Maria Santos
... A51: TS2-11 | B51: Receiving response sequence ★ | C51: received → accepted → completed; second referral: rejected (reason: no available bed)
A53: SECTION B — Level 3 reconciliation set: 10 mock test referrals with KNOWN outcomes. Perspective = the facility under test ("Facility A").
A54: Create all 10 referrals in the system during testing. Enter the actual date/time referred and received as they happen (yellow). The Expected Results below calculate automatically; the system's reports must match them exactly. Column M (working impression) is used for the Top Morbidity check (L3-16).
A55: # | B55: Referring facility | C55: Receiving facility | D55: Direction (for Facility A) | E55: Referring facility ownership | F55: Receiving facility capability | G55: Category | H55: Reason for referral | I55: Final status | J55: Date/time referred | K55: Date/time received | L55: TAT (minutes) | M55: Working impression (morbidity, ICD-10)
A56: 1 | B56: Facility A | C56: Facility B | D56: Outgoing | E56: Government | F56: Level 1 | G56: Emergency | H56: Consultation | I56: Received | L56: =IF(AND(ISNUMBER(J56),ISNUMBER(K56)),(K56-J56)*1440,"") | M56: J18.9 — Pneumonia, unspecified organism
A57: 2 | B57: Facility A | C57: Facility B | D57: Outgoing | E57: Government | F57: Level 1 | G57: Outpatient | H57: Diagnostics | I57: Redirected | L57: =IF(AND(ISNUMBER(J57),ISNUMBER(K57)),(K57-J57)*1440,"") | M57: O14.1 — Severe pre-eclampsia
A58: 3 | B58: Facility A | C58: Facility C | D58: Outgoing | E58: Government | F58: Level 2 | G58: Outpatient | H58: Consultation | I58: Deferred/Denied | L58: =IF(AND(ISNUMBER(J58),ISNUMBER(K58)),(K58-J58)*1440,"") | M58: J18.9 — Pneumonia, unspecified organism
A59: 4 | B59: Facility A | C59: Facility C | D59: Outgoing | E59: Government | F59: Level 2 | G59: Emergency | H59: Procedure | I59: Received | L59: =IF(AND(ISNUMBER(J59),ISNUMBER(K59)),(K59-J59)*1440,"") | M59: I10 — Essential (primary) hypertension
A60: 5 | B60: Facility A | C60: Facility D | D60: Outgoing | E60: Government | F60: Level 3 | G60: Emergency | H60: Consultation | I60: Redirected | L60: =IF(AND(ISNUMBER(J60),ISNUMBER(K60)),(K60-J60)*1440,"") | M60: O14.1 — Severe pre-eclampsia
A61: 6 | B61: Facility A | C61: Facility B | D61: Outgoing | E61: Government | F61: Level 1 | G61: Outpatient | H61: Consultation | I61: Received | L61: =IF(AND(ISNUMBER(J61),ISNUMBER(K61)),(K61-J61)*1440,"") | M61: J18.9 — Pneumonia, unspecified organism
A62: 7 | B62: Facility E | C62: Facility A | D62: Incoming | E62: Government | F62: RHU | G62: Outpatient | H62: Diagnostics | I62: Received | L62: =IF(AND(ISNUMBER(J62),ISNUMBER(K62)),(K62-J62)*1440,"") | M62: A09 — Infectious gastroenteritis and colitis
A63: 8 | B63: Facility F | C63: Facility A | D63: Incoming | E63: Private | F63: RHU | G63: Emergency | H63: Consultation | I63: Received | L63: =IF(AND(ISNUMBER(J63),ISNUMBER(K63)),(K63-J63)*1440,"") | M63: O14.1 — Severe pre-eclampsia
A64: 9 | B64: Facility F | C64: Facility A | D64: Incoming | E64: Private | F64: RHU | G64: Outpatient | H64: Others | I64: Deferred/Denied | L64: =IF(AND(ISNUMBER(J64),ISNUMBER(K64)),(K64-J64)*1440,"") | M64: I10 — Essential (primary) hypertension
A65: 10 | B65: Facility E | C65: Facility A | D65: Incoming | E65: Government | F65: RHU | G65: Emergency | H65: Diagnostics | I65: Received | L65: =IF(AND(ISNUMBER(J65),ISNUMBER(K65)),(K65-J65)*1440,"") | M65: J18.9 — Pneumonia, unspecified organism
A67: EXPECTED RESULTS (auto-calculated — compare with the system's reports in Level 3)
A68: Expected result | B68: Expected value | C68: Value in system report | D68: Match?
A69: Total referrals in linelist | B69: =COUNTA($A$56:$A$65) | D69: =IF(C69="","",IF(ISNUMBER(B69),IF(ABS(C69-B69)<=IF(A69="Average turnaround time (minutes)",1,0),"MATCH","MISMATCH"),""))
A70: Outgoing referrals | B70: =COUNTIF($D$56:$D$65,"Outgoing") | D70: =IF(C70="","",IF(ISNUMBER(B70),IF(ABS(C70-B70)<=IF(A70="Average turnaround time (minutes)",1,0),"MATCH","MISMATCH"),""))
A71: Incoming referrals | B71: =COUNTIF($D$56:$D$65,"Incoming") | D71: =IF(C71="","",IF(ISNUMBER(B71),IF(ABS(C71-B71)<=IF(A71="Average turnaround time (minutes)",1,0),"MATCH","MISMATCH"),""))
A72: Received (incoming AND status Received) | B72: =COUNTIFS($D$56:$D$65,"Incoming",$I$56:$I$65,"Received") | D72: =IF(C72="","",IF(ISNUMBER(B72),IF(ABS(C72-B72)<=IF(A72="Average turnaround time (minutes)",1,0),"MATCH","MISMATCH"),""))
A73: Deferred / denied (all) | B73: =COUNTIF($I$56:$I$65,"Deferred/Denied") | D73: =IF(C73="","",IF(ISNUMBER(B73),IF(ABS(C73-B73)<=IF(A73="Average turnaround time (minutes)",1,0),"MATCH","MISMATCH"),""))
A74: Redirected (all) | B74: =COUNTIF($I$56:$I$65,"Redirected") | D74: =IF(C74="","",IF(ISNUMBER(B74),IF(ABS(C74-B74)<=IF(A74="Average turnaround time (minutes)",1,0),"MATCH","MISMATCH"),""))
A75: Reason: Consultation | B75: =COUNTIF($H$56:$H$65,"Consultation") | D75: =IF(C75="","",IF(ISNUMBER(B75),IF(ABS(C75-B75)<=IF(A75="Average turnaround time (minutes)",1,0),"MATCH","MISMATCH"),""))
A76: Reason: Diagnostics | B76: =COUNTIF($H$56:$H$65,"Diagnostics") | D76: =IF(C76="","",IF(ISNUMBER(B76),IF(ABS(C76-B76)<=IF(A76="Average turnaround time (minutes)",1,0),"MATCH","MISMATCH"),""))
A77: Reason: Procedure | B77: =COUNTIF($H$56:$H$65,"Procedure") | D77: =IF(C77="","",IF(ISNUMBER(B77),IF(ABS(C77-B77)<=IF(A77="Average turnaround time (minutes)",1,0),"MATCH","MISMATCH"),""))
A78: Reason: Others | B78: =COUNTIF($H$56:$H$65,"Others") | D78: =IF(C78="","",IF(ISNUMBER(B78),IF(ABS(C78-B78)<=IF(A78="Average turnaround time (minutes)",1,0),"MATCH","MISMATCH"),""))
A79: Incoming from Government facilities | B79: =COUNTIFS($D$56:$D$65,"Incoming",$E$56:$E$65,"Government") | D79: =IF(C79="","",IF(ISNUMBER(B79),IF(ABS(C79-B79)<=IF(A79="Average turnaround time (minutes)",1,0),"MATCH","MISMATCH"),""))
A80: Incoming from Private facilities | B80: =COUNTIFS($D$56:$D$65,"Incoming",$E$56:$E$65,"Private") | D80: =IF(C80="","",IF(ISNUMBER(B80),IF(ABS(C80-B80)<=IF(A80="Average turnaround time (minutes)",1,0),"MATCH","MISMATCH"),""))
A81: Outgoing — Government referring facility | B81: =COUNTIFS($D$56:$D$65,"Outgoing",$E$56:$E$65,"Government") | D81: =IF(C81="","",IF(ISNUMBER(B81),IF(ABS(C81-B81)<=IF(A81="Average turnaround time (minutes)",1,0),"MATCH","MISMATCH"),""))
A82: Outgoing — Private referring facility | B82: =COUNTIFS($D$56:$D$65,"Outgoing",$E$56:$E$65,"Private") | D82: =IF(C82="","",IF(ISNUMBER(B82),IF(ABS(C82-B82)<=IF(A82="Average turnaround time (minutes)",1,0),"MATCH","MISMATCH"),""))
A83: By receiving capability: RHU | B83: =COUNTIF($F$56:$F$65,"RHU") | D83: =IF(C83="","",IF(ISNUMBER(B83),IF(ABS(C83-B83)<=IF(A83="Average turnaround time (minutes)",1,0),"MATCH","MISMATCH"),""))
A84: By receiving capability: Infirmary | B84: =COUNTIF($F$56:$F$65,"Infirmary") | D84: =IF(C84="","",IF(ISNUMBER(B84),IF(ABS(C84-B84)<=IF(A84="Average turnaround time (minutes)",1,0),"MATCH","MISMATCH"),""))
A85: By receiving capability: Level 1 | B85: =COUNTIF($F$56:$F$65,"Level 1") | D85: =IF(C85="","",IF(ISNUMBER(B85),IF(ABS(C85-B85)<=IF(A85="Average turnaround time (minutes)",1,0),"MATCH","MISMATCH"),""))
A86: By receiving capability: Level 2 | B86: =COUNTIF($F$56:$F$65,"Level 2") | D86: =IF(C86="","",IF(ISNUMBER(B86),IF(ABS(C86-B86)<=IF(A86="Average turnaround time (minutes)",1,0),"MATCH","MISMATCH"),""))
A87: By receiving capability: Level 3 | B87: =COUNTIF($F$56:$F$65,"Level 3") | D87: =IF(C87="","",IF(ISNUMBER(B87),IF(ABS(C87-B87)<=IF(A87="Average turnaround time (minutes)",1,0),"MATCH","MISMATCH"),""))
A88: Average turnaround time (minutes) | B88: =IFERROR(AVERAGE($L$56:$L$65),"Enter times first") | D88: =IF(C88="","",IF(ISNUMBER(B88),IF(ABS(C88-B88)<=IF(A88="Average turnaround time (minutes)",1,0),"MATCH","MISMATCH"),""))
A89: Morbidity rank 1: J18.9 Pneumonia | B89: =COUNTIF($M$56:$M$65,"J18.9*") | D89: =IF(C89="","",IF(ISNUMBER(B89),IF(ABS(C89-B89)<=IF(A89="Average turnaround time (minutes)",1,0),"MATCH","MISMATCH"),""))
A90: Morbidity rank 2: O14.1 Severe pre-eclampsia | B90: =COUNTIF($M$56:$M$65,"O14.1*") | D90: =IF(C90="","",IF(ISNUMBER(B90),IF(ABS(C90-B90)<=IF(A90="Average turnaround time (minutes)",1,0),"MATCH","MISMATCH"),""))
A91: Morbidity rank 3: I10 Essential hypertension | B91: =COUNTIF($M$56:$M$65,"I10*") | D91: =IF(C91="","",IF(ISNUMBER(B91),IF(ABS(C91-B91)<=IF(A91="Average turnaround time (minutes)",1,0),"MATCH","MISMATCH"),""))
A92: Morbidity rank 4: A09 Infectious gastroenteritis | B92: =COUNTIF($M$56:$M$65,"A09*") | D92: =IF(C92="","",IF(ISNUMBER(B92),IF(ABS(C92-B92)<=IF(A92="Average turnaround time (minutes)",1,0),"MATCH","MISMATCH"),""))
A94: Average TAT tolerance: ±1 minute (rounding). All other values must match exactly.
A97: SECTION C — Level 3 edge cases: 6 referrals PRE-LOADED BY THE DOH on the SHR with fixed timestamps, addressed to Facility A (the system under test), in a SEPARATE reporting month so Section B results do not change.
A98: Enter the reporting month and the timestamps the DOH loaded (yellow). C1 must be referred at 23:50 on the last day of the reporting month and received after midnight; C2–C6 are referred within the month. Run the reports once (first run), then apply the late updates in the receiving EMR (C2 → rejected, C5 → completed) and run them again. Expected Results calculate automatically.
A99: Reporting month (any date in the month):
A100: # | B100: Business identifier | C100: Referring facility | D100: Ownership | E100: Direction (for Facility A) | F100: Category | G100: Reason for referral | H100: Status at first run | I100: Status after late update | J100: Date/time referred | K100: Date/time first received | L100: Cancelled? | M100: TAT (minutes) | N100: Notes
A101: C1 | B101: C-001 | C101: Facility E | D101: Government | E101: Incoming | F101: Emergency | G101: Consultation | H101: Received | I101: Received | L101: No | M101: =IF(AND(ISNUMBER(J101),ISNUMBER(K101)),(K101-J101)*1440,"") | N101: Referred 23:50 on the last day of the reporting month; received 00:20 next day
A102: C2 | B102: C-002 | C102: Facility F | D102: Private | E102: Incoming | F102: Outpatient | G102: Diagnostics | H102: Received | I102: Deferred/Denied | L102: No | M102: =IF(AND(ISNUMBER(J102),ISNUMBER(K102)),(K102-J102)*1440,"") | N102: Tester rejects it after the first report run (late update)
A103: C3 | B103: C-002 | C103: Facility F | D103: Private | E103: Incoming | F103: Outpatient | G103: Diagnostics | H103: Received | I103: Deferred/Denied | L103: No | M103: =IF(AND(ISNUMBER(J103),ISNUMBER(K103)),(K103-J103)*1440,"") | N103: Duplicate of C2 — same business identifier; must be counted once
A104: C4 | B104: C-004 | C104: Facility E | D104: Government | E104: Incoming | F104: Outpatient | G104: Procedure | H104: Cancelled | I104: Cancelled | L104: Yes | M104: =IF(AND(ISNUMBER(J104),ISNUMBER(K104)),(K104-J104)*1440,"") | N104: Cancelled by the referring facility (Task.status = cancelled)
A105: C5 | B105: C-005 | C105: Facility F | D105: Private | E105: Incoming | F105: Emergency | G105: Consultation | H105: Accepted | I105: Completed | L105: No | M105: =IF(AND(ISNUMBER(J105),ISNUMBER(K105)),(K105-J105)*1440,"") | N105: Tester completes it after the first report run
A106: C6 | B106: C-006 | C106: Facility F | D106: Private | E106: Incoming | F106: Emergency | G106: Others | H106: Received | I106: Received | L106: No | M106: =IF(AND(ISNUMBER(J106),ISNUMBER(K106)),(K106-J106)*1440,"") | N106: Filter-combination case
A108: SECTION C — EXPECTED RESULTS (auto-calculated; compare with the system’s reports — L3-17 to L3-21)
A109: Expected result | B109: Expected value | C109: Value in system report | D109: Match? | E109: Criterion
A110: C1 counted in the reporting month (Yes / No) | B110: =IF($B$99="","Enter month first",IF(TEXT(J101,"yyyymm")=TEXT($B$99,"yyyymm"),"Yes","No")) | D110: =IF(C110="","",IF(AND(ISNUMBER(C110),ISNUMBER(B110)),IF(ABS(C110-B110)<=0,"MATCH","MISMATCH"),IF(TRIM(C110&"")=TRIM(B110&""),"MATCH","MISMATCH"))) | E110: L3-17.1
A111: Referrals in the reporting month (distinct, excluding cancelled) | B111: =IF(OR($B$99="",COUNT($J$101:$J$106)<6),"Enter month and dates first",SUMPRODUCT((TEXT($J$101:$J$106,"yyyymm")=TEXT($B$99,"yyyymm"))*($L$101:$L$106="No")/COUNTIFS($B$101:$B$106,$B$101:$B$106))) | D111: =IF(C111="","",IF(AND(ISNUMBER(C111),ISNUMBER(B111)),IF(ABS(C111-B111)<=0,"MATCH","MISMATCH"),IF(TRIM(C111&"")=TRIM(B111&""),"MATCH","MISMATCH"))) | E111: L3-17.2
A112: Referrals in the following month | B112: =IF(OR($B$99="",COUNT($J$101:$J$106)<6),"Enter month and dates first",SUMPRODUCT((TEXT($J$101:$J$106,"yyyymm")=TEXT(EDATE($B$99,1),"yyyymm"))*($L$101:$L$106="No")/COUNTIFS($B$101:$B$106,$B$101:$B$106))) | D112: =IF(C112="","",IF(AND(ISNUMBER(C112),ISNUMBER(B112)),IF(ABS(C112-B112)<=0,"MATCH","MISMATCH"),IF(TRIM(C112&"")=TRIM(B112&""),"MATCH","MISMATCH"))) | E112: L3-17.3
A113: Times referral C-002 appears in the linelist (duplicate counted once) | B113: =1 | D113: =IF(C113="","",IF(AND(ISNUMBER(C113),ISNUMBER(B113)),IF(ABS(C113-B113)<=0,"MATCH","MISMATCH"),IF(TRIM(C113&"")=TRIM(B113&""),"MATCH","MISMATCH"))) | E113: L3-18.1
A114: Cancelled referrals shown as cancelled | B114: =COUNTIF($L$101:$L$106,"Yes") | D114: =IF(C114="","",IF(AND(ISNUMBER(C114),ISNUMBER(B114)),IF(ABS(C114-B114)<=0,"MATCH","MISMATCH"),IF(TRIM(C114&"")=TRIM(B114&""),"MATCH","MISMATCH"))) | E114: L3-18.2
A115: First run — Received (distinct) | B115: =IF(OR($B$99="",COUNT($J$101:$J$106)<6),"Enter month and dates first",SUMPRODUCT((TEXT($J$101:$J$106,"yyyymm")=TEXT($B$99,"yyyymm"))*($H$101:$H$106="Received")*($L$101:$L$106="No")/COUNTIFS($B$101:$B$106,$B$101:$B$106))) | D115: =IF(C115="","",IF(AND(ISNUMBER(C115),ISNUMBER(B115)),IF(ABS(C115-B115)<=0,"MATCH","MISMATCH"),IF(TRIM(C115&"")=TRIM(B115&""),"MATCH","MISMATCH"))) | E115: L3-19
A116: First run — Accepted (distinct) | B116: =IF(OR($B$99="",COUNT($J$101:$J$106)<6),"Enter month and dates first",SUMPRODUCT((TEXT($J$101:$J$106,"yyyymm")=TEXT($B$99,"yyyymm"))*($H$101:$H$106="Accepted")*($L$101:$L$106="No")/COUNTIFS($B$101:$B$106,$B$101:$B$106))) | D116: =IF(C116="","",IF(AND(ISNUMBER(C116),ISNUMBER(B116)),IF(ABS(C116-B116)<=0,"MATCH","MISMATCH"),IF(TRIM(C116&"")=TRIM(B116&""),"MATCH","MISMATCH"))) | E116: L3-19
A117: After late update — Received (distinct) | B117: =IF(OR($B$99="",COUNT($J$101:$J$106)<6),"Enter month and dates first",SUMPRODUCT((TEXT($J$101:$J$106,"yyyymm")=TEXT($B$99,"yyyymm"))*($I$101:$I$106="Received")*($L$101:$L$106="No")/COUNTIFS($B$101:$B$106,$B$101:$B$106))) | D117: =IF(C117="","",IF(AND(ISNUMBER(C117),ISNUMBER(B117)),IF(ABS(C117-B117)<=0,"MATCH","MISMATCH"),IF(TRIM(C117&"")=TRIM(B117&""),"MATCH","MISMATCH"))) | E117: L3-19.1
A118: After late update — Deferred / denied (distinct) | B118: =IF(OR($B$99="",COUNT($J$101:$J$106)<6),"Enter month and dates first",SUMPRODUCT((TEXT($J$101:$J$106,"yyyymm")=TEXT($B$99,"yyyymm"))*($I$101:$I$106="Deferred/Denied")*($L$101:$L$106="No")/COUNTIFS($B$101:$B$106,$B$101:$B$106))) | D118: =IF(C118="","",IF(AND(ISNUMBER(C118),ISNUMBER(B118)),IF(ABS(C118-B118)<=0,"MATCH","MISMATCH"),IF(TRIM(C118&"")=TRIM(B118&""),"MATCH","MISMATCH"))) | E118: L3-19.1
A119: After late update — Completed (distinct) | B119: =IF(OR($B$99="",COUNT($J$101:$J$106)<6),"Enter month and dates first",SUMPRODUCT((TEXT($J$101:$J$106,"yyyymm")=TEXT($B$99,"yyyymm"))*($I$101:$I$106="Completed")*($L$101:$L$106="No")/COUNTIFS($B$101:$B$106,$B$101:$B$106))) | D119: =IF(C119="","",IF(AND(ISNUMBER(C119),ISNUMBER(B119)),IF(ABS(C119-B119)<=0,"MATCH","MISMATCH"),IF(TRIM(C119&"")=TRIM(B119&""),"MATCH","MISMATCH"))) | E119: L3-19.3
A120: TAT of C2 in minutes (first received − referred) | B120: =IF(M102="","Enter times first",M102) | D120: =IF(C120="","",IF(AND(ISNUMBER(C120),ISNUMBER(B120)),IF(ABS(C120-B120)<=1,"MATCH","MISMATCH"),IF(TRIM(C120&"")=TRIM(B120&""),"MATCH","MISMATCH"))) | E120: L3-19.2
A121: Filter: Incoming + Private + Emergency (Section C) | B121: =IF(OR($B$99="",COUNT($J$101:$J$106)<6),"Enter month and dates first",SUMPRODUCT((TEXT($J$101:$J$106,"yyyymm")=TEXT($B$99,"yyyymm"))*($E$101:$E$106="Incoming")*($D$101:$D$106="Private")*($F$101:$F$106="Emergency")*($L$101:$L$106="No")/COUNTIFS($B$101:$B$106,$B$101:$B$106))) | D121: =IF(C121="","",IF(AND(ISNUMBER(C121),ISNUMBER(B121)),IF(ABS(C121-B121)<=0,"MATCH","MISMATCH"),IF(TRIM(C121&"")=TRIM(B121&""),"MATCH","MISMATCH"))) | E121: L3-20.1
A122: Filter: Outgoing + Level 2 receiving capability + Consultation (Section B) | B122: =COUNTIFS($D$56:$D$65,"Outgoing",$F$56:$F$65,"Level 2",$H$56:$H$65,"Consultation") | D122: =IF(C122="","",IF(AND(ISNUMBER(C122),ISNUMBER(B122)),IF(ABS(C122-B122)<=0,"MATCH","MISMATCH"),IF(TRIM(C122&"")=TRIM(B122&""),"MATCH","MISMATCH"))) | E122: L3-20.2
A123: Filter: reporting month + Facility F (Section C) | B123: =IF(OR($B$99="",COUNT($J$101:$J$106)<6),"Enter month and dates first",SUMPRODUCT((TEXT($J$101:$J$106,"yyyymm")=TEXT($B$99,"yyyymm"))*($C$101:$C$106="Facility F")*($L$101:$L$106="No")/COUNTIFS($B$101:$B$106,$B$101:$B$106))) | D123: =IF(C123="","",IF(AND(ISNUMBER(C123),ISNUMBER(B123)),IF(ABS(C123-B123)<=0,"MATCH","MISMATCH"),IF(TRIM(C123&"")=TRIM(B123&""),"MATCH","MISMATCH"))) | E123: L3-20.3
A126: SECTION D — Error, duplicate and exception inputs for Level 2D (TS3 exception scenarios and TEC security checks) (expected results fixed in advance, the same for every vendor)
A127: Test data ID | B127: Used in | C127: Input / condition | D127: Expected result
A128: TD-D01 | B128: TS3-01.1 | C128: Referral with Patient birth date left blank (Patient.birthDate 1..1). | D128: Blocked before sending, OR SHR rejects (4xx + OperationOutcome) and EMR shows the reason; referral not marked sent. No accepted ServiceRequest from this attempt.
A129: TD-D02 | B129: TS3-01.2 | C129: Referral with no receiving facility selected. | D129: Blocked before sending, OR rejection shown; referral not marked sent. No accepted ServiceRequest from this attempt.
A130: TD-D03 | B130: TS3-02.1, TEC-11.1 | C130: Date of referral / birth date entered as 2026-02-30 (or the equivalent invalid date in the UI). | D130: Value refused or SHR rejection handled; other entered data kept. No malformed date on the SHR.
A131: TD-D04 | B131: TS3-02.2 | C131: Heart rate entered as 'ninety'. | D131: Value refused or rejection handled. No non-numeric valueQuantity on the SHR.
A132: TD-D05 | B132: TS3-02.3 | C132: Birth date = tomorrow's date. | D132: Value refused or rejection handled. No future birthDate on the SHR.
A133: TD-D06 | B133: TS3-03.1 | C133: Receiving facility NHFR code 9999999 (not in the NHFR / sandbox list). | D133: Prevented or rejection handled. No referral addressed to an unknown facility.
A134: TD-D07 | B134: TS3-03.2 | C134: Requester = practitioner not registered in the sandbox. | D134: Prevented or rejection handled. No referral with an unresolvable requester.
A135: TD-D08 | B135: TS3-04.1 | C135: Click Send twice in quick succession for one referral. | D135: Exactly one ServiceRequest and one Task on the SHR. Count = 1 / 1.
A136: TD-D09 | B136: TS3-04.2 | C136: Use the EMR's resend / retry on a referral already accepted by the SHR. | D136: No second referral created. Count = 1 / 1.
A137: TD-D10 | B137: TS3-05.1 | C137: Network disconnected while creating and sending a referral; reconnect after 2 minutes. | D137: Queued and sent automatically, or documented fallback followed; user sees status. One copy on SHR; original authoredOn.
A138: TD-D11 | B138: TS3-05.2, TS3-05.3 | C138: Network cut immediately after pressing Send; restored after 2 minutes. | D138: No loss; exactly one copy after recovery. One copy on SHR; original authoredOn.
... A149: TD-D22 | B149: TEC-13.1 | C149: EMR pointed to a DOH sandbox endpoint with an expired / untrusted certificate. | D149: Connection refused. No data sent to that endpoint.

Sheet L0 Application
A1: Level 0 — Application & Commitment
A2: The vendor/developer formally applies and commits to the process. All items are documents. Critical items (red) must all be Met.
C4: Level / section score | D4: =IF(SUM(Q10:Q300)=0,0,SUM(R10:R300)/SUM(Q10:Q300)) | E4: Items not yet tested | F4: =COUNTIFS(M10:M300,"Not Tested",T10:T300,"Criterion") | G4: Count criteria: mark each sub-item (rows marked ↳). Required, Achieved, Result and Outstanding are calculated automatically.
C5: Pass threshold (set on Summary) | D5: =Summary!D7 | E5: Items marked N/A | F5: =COUNTIFS(M10:M300,"N/A",T10:T300,"Criterion")
C6: Critical criteria not met (tested items) | D6: =SUM(S10:S300) | E6: Sheet status | F6: =IF(F4>0,"INCOMPLETE",IF(AND(D6=0,D4>=D5),"PASSED","NOT PASSED"))
C7: Evaluation progress (items evaluated) | D7: =IF(F7=0,0,(F7-F4)/F7) | E7: Total items | F7: =COUNTIF(T10:T300,"Criterion")
A9: Ref ID | B9: Section | C9: Criterion (what is checked) | D9: Developer's Guide (what the vendor must prepare / implement) | E9: Validator's Guide (how the Validators verify) | F9: Evidence required | G9: Validation role | H9: Critical? | I9: Weight | J9: Scoring type | K9: Required (n) | L9: Achieved (n) | M9: Result | N9: Score % | O9: Outstanding (auto) | P9: Evidence ref. / Notes | Q9: Applicable wt | R9: Earned wt | S9: Critical fail | T9: Row type | U9: Sub not met | V9: Sub tested | W9: Needs compliance (ID)
A10: L0-01 | B10: Application | C10: Letter of application to have the EMR system tested for use in the HIE, signed by the vendor's/developer's authorized signatory | D10: Submit a letter of application on official letterhead, signed by an authorized signatory, with proof of authority (secretary's certificate / board resolution; office order for in-house systems). Purpose: The vendor or developer formally asks to be evaluated. | E10: Check the letter is on official letterhead, dated, and signed by an authorized signatory (with proof of authority, e.g. secretary's certificate or office order for in-house systems). | F10: Signed letter of application + proof of authority | G10: Validator | H10: Yes | I10: 2 | J10: Binary | M10: Not Tested | N10: =IF(M10="N/A",IF(H10="Yes",0,""),IF(M10="Not Tested",0,IF(J10="Tier",IF(M10="Fully integrated",1,IF(M10="Standalone - manual encoding",0.5,0)),IF(J10="Binary",IF(M10="Met",1,0),IF(M10="Counted",IF(N(K10)>0,IF(J10="All-or-nothing",IF(N(L10)>=K10,1,0),MIN(N(L10)/K10,1)),0),0))))) | O10: =IF(M10="Not Met","Needs compliance",IF(M10="Not Tested","Not yet tested","")) | Q10: =IF(N10="",0,I10) | R10: =IF(N10="",0,I10*N10) | S10: =IF(AND(H10="Yes",M10<>"Not Tested",N10<>"",N10<1),1,0) | T10: Criterion | W10: =IF(AND(T10="Criterion",I10>0,M10<>"Not Tested",N10<>"",OR(N(N10)<1,S10=1)),A10,"")
A11: L0-02 | B11: Contacts | C11: Vendor/developer contact persons designated: (1) product/technical lead, (2) integration (FHIR) developer, (3) data privacy contact | D11: Name three contact persons — product/technical lead, FHIR integration developer, data privacy contact — with position, email and mobile number. Purpose: The DOH knows who is accountable for the product, the integration and privacy questions during testing. | E11: Count the roles with a named person, position and contact details in the letter or designation. Mark each sub-item (↳) below; Achieved is counted automatically. | F11: Designation / contact list | G11: Validator | H11: Yes | I11: 2 | J11: Count | K11: =COUNTA(A12:A14)-COUNTIF(M12:M14,"N/A") | L11: =COUNTIF(M12:M14,"Met") | M11: =IF(COUNTIF(M12:M14,"N/A")=COUNTA(A12:A14),"N/A",IF(COUNTIF(M12:M14,"Not Tested")>0,"Not Tested","Counted")) | N11: =IF(M11="N/A",IF(H11="Yes",0,""),IF(M11="Not Tested",0,IF(J11="Tier",IF(M11="Fully integrated",1,IF(M11="Standalone - manual encoding",0.5,0)),IF(J11="Binary",IF(M11="Met",1,0),IF(M11="Counted",IF(N(K11)>0,IF(J11="All-or-nothing",IF(N(L11)>=K11,1,0),MIN(N(L11)/K11,1)),0),0))))) | O11: =IF(COUNTIF(M12:M14,"Not Met")>0,COUNTIF(M12:M14,"Not Met")&" of "&K11&" need compliance: "&_xlfn.TEXTJOIN("; ",TRUE(),U12:U14),IF(COUNTIF(M12:M14,"Not Tested")>0,COUNTIF(M12:M14,"Not Tested")&" of "&COUNTA(A12:A14)&" not yet tested",IF(M11="N/A","","All compliant"))) | Q11: =IF(N11="",0,I11) | R11: =IF(N11="",0,I11*N11) | S11: =IF(OR(AND(H11="Yes",M11<>"Not Tested",N11<>"",N11<1),COUNTIFS(H12:H14,"Yes",M12:M14,"Not Met")+COUNTIFS(H12:H14,"Yes",M12:M14,"N/A")>0),1,0) | T11: Criterion | V11: =COUNTA(A12:A14)-COUNTIF(M12:M14,"Not Tested") | W11: =IF(AND(T11="Criterion",I11>0,M11<>"Not Tested",N11<>"",OR(N(N11)<1,S11=1)),A11,"")
A12: L0-02.1 | B12: ↳ sub-item | C12: Product / technical lead named (position, email, mobile) | D12: (part of L0-02) | M12: Not Tested | O12: =IF(M12="Not Met","Needs compliance",IF(M12="Not Tested","Not yet tested","")) | T12: Sub | U12: =IF(M12="Not Met","("&1&") "&IF(H12="Yes","★ ","")&C12,"")
A13: L0-02.2 | B13: ↳ sub-item | C13: Integration (FHIR) developer named (position, email, mobile) | D13: (part of L0-02) | M13: Not Tested | O13: =IF(M13="Not Met","Needs compliance",IF(M13="Not Tested","Not yet tested","")) | T13: Sub | U13: =IF(M13="Not Met","("&2&") "&IF(H13="Yes","★ ","")&C13,"")
A14: L0-02.3 | B14: ↳ sub-item | C14: Data privacy contact named (position, email, mobile) | D14: (part of L0-02) | M14: Not Tested | O14: =IF(M14="Not Met","Needs compliance",IF(M14="Not Tested","Not yet tested","")) | T14: Sub | U14: =IF(M14="Not Met","("&3&") "&IF(H14="Yes","★ ","")&C14,"")
A15: L0-03 | B15: System | C15: EMR system identified: product name, version/build under test, deployment model, facility types it is offered for | D15: Complete the System Profile Sheet: product name, exact version/build to be tested, deployment model, and facility types the system is offered for. Purpose: We know exactly which system and version is being tested; results apply to that version only. | E15: Check System Profile A.1–A.7 and B.1–B.2 are complete and match the letter. | F15: Completed System Profile | G15: Validator | H15: Yes | I15: 2 | J15: Binary | M15: Not Tested | N15: =IF(M15="N/A",IF(H15="Yes",0,""),IF(M15="Not Tested",0,IF(J15="Tier",IF(M15="Fully integrated",1,IF(M15="Standalone - manual encoding",0.5,0)),IF(J15="Binary",IF(M15="Met",1,0),IF(M15="Counted",IF(N(K15)>0,IF(J15="All-or-nothing",IF(N(L15)>=K15,1,0),MIN(N(L15)/K15,1)),0),0))))) | O15: =IF(M15="Not Met","Needs compliance",IF(M15="Not Tested","Not yet tested","")) | Q15: =IF(N15="",0,I15) | R15: =IF(N15="",0,I15*N15) | S15: =IF(AND(H15="Yes",M15<>"Not Tested",N15<>"",N15<1),1,0) | T15: Criterion | W15: =IF(AND(T15="Criterion",I15>0,M15<>"Not Tested",N15<>"",OR(N(N15)<1,S15=1)),A15,"")
A16: L0-04 | B16: Commitment | C16: Signed undertaking to conform to the PH Core and PHeReF IGs, to be re-tested on IG version change or major system release, and to use only test data on the sandbox | D16: Sign the undertaking to (1) conform to PH Core and PHeReF, (2) request re-testing on IG version change or major release, and (3) use only test data on the sandbox. Purpose: Because the IGs are drafts, the vendor agrees to keep up with updates; no real patient data is used in testing. | E16: Check the signed undertaking names both IGs, the re-test clause and the test-data-only clause. | F16: Signed undertaking | G16: Validator | H16: Yes | I16: 2 | J16: Binary | M16: Not Tested | N16: =IF(M16="N/A",IF(H16="Yes",0,""),IF(M16="Not Tested",0,IF(J16="Tier",IF(M16="Fully integrated",1,IF(M16="Standalone - manual encoding",0.5,0)),IF(J16="Binary",IF(M16="Met",1,0),IF(M16="Counted",IF(N(K16)>0,IF(J16="All-or-nothing",IF(N(L16)>=K16,1,0),MIN(N(L16)/K16,1)),0),0))))) | O16: =IF(M16="Not Met","Needs compliance",IF(M16="Not Tested","Not yet tested","")) | Q16: =IF(N16="",0,I16) | R16: =IF(N16="",0,I16*N16) | S16: =IF(AND(H16="Yes",M16<>"Not Tested",N16<>"",N16<1),1,0) | T16: Criterion | W16: =IF(AND(T16="Criterion",I16>0,M16<>"Not Tested",N16<>"",OR(N(N16)<1,S16=1)),A16,"")
A17: L0-05 | B17: Coordination | C17: Contact persons (from L0-02) attended the initial coordination meeting with the Regional Validation Team (in person or virtual) | D17: Ensure the three contact persons attend the initial coordination meeting with the Regional Validation Team (in person or virtual) to agree on the process and schedule. Purpose: The vendor understands the process and the schedule before testing begins. | E17: Count the contact persons in the attendance / minutes of the coordination meeting. Mark each sub-item (↳) below; Achieved is counted automatically. | F17: Attendance sheet or minutes of the coordination meeting | G17: Validator | H17: No | I17: 1 | J17: Count | K17: =COUNTA(A18:A20)-COUNTIF(M18:M20,"N/A") | L17: =COUNTIF(M18:M20,"Met") | M17: =IF(COUNTIF(M18:M20,"N/A")=COUNTA(A18:A20),"N/A",IF(COUNTIF(M18:M20,"Not Tested")>0,"Not Tested","Counted")) | N17: =IF(M17="N/A",IF(H17="Yes",0,""),IF(M17="Not Tested",0,IF(J17="Tier",IF(M17="Fully integrated",1,IF(M17="Standalone - manual encoding",0.5,0)),IF(J17="Binary",IF(M17="Met",1,0),IF(M17="Counted",IF(N(K17)>0,IF(J17="All-or-nothing",IF(N(L17)>=K17,1,0),MIN(N(L17)/K17,1)),0),0))))) | O17: =IF(COUNTIF(M18:M20,"Not Met")>0,COUNTIF(M18:M20,"Not Met")&" of "&K17&" need compliance: "&_xlfn.TEXTJOIN("; ",TRUE(),U18:U20),IF(COUNTIF(M18:M20,"Not Tested")>0,COUNTIF(M18:M20,"Not Tested")&" of "&COUNTA(A18:A20)&" not yet tested",IF(M17="N/A","","All compliant"))) | Q17: =IF(N17="",0,I17) | R17: =IF(N17="",0,I17*N17) | S17: =IF(OR(AND(H17="Yes",M17<>"Not Tested",N17<>"",N17<1),COUNTIFS(H18:H20,"Yes",M18:M20,"Not Met")+COUNTIFS(H18:H20,"Yes",M18:M20,"N/A")>0),1,0) | T17: Criterion | V17: =COUNTA(A18:A20)-COUNTIF(M18:M20,"Not Tested") | W17: =IF(AND(T17="Criterion",I17>0,M17<>"Not Tested",N17<>"",OR(N(N17)<1,S17=1)),A17,"")
A18: L0-05.1 | B18: ↳ sub-item | C18: Product / technical lead attended the coordination meeting | D18: (part of L0-05) | M18: Not Tested | O18: =IF(M18="Not Met","Needs compliance",IF(M18="Not Tested","Not yet tested","")) | T18: Sub | U18: =IF(M18="Not Met","("&1&") "&IF(H18="Yes","★ ","")&C18,"")
A19: L0-05.2 | B19: ↳ sub-item | C19: Integration (FHIR) developer attended the coordination meeting | D19: (part of L0-05) | M19: Not Tested | O19: =IF(M19="Not Met","Needs compliance",IF(M19="Not Tested","Not yet tested","")) | T19: Sub | U19: =IF(M19="Not Met","("&2&") "&IF(H19="Yes","★ ","")&C19,"")
A20: L0-05.3 | B20: ↳ sub-item | C20: Data privacy contact attended the coordination meeting | D20: (part of L0-05) | M20: Not Tested | O20: =IF(M20="Not Met","Needs compliance",IF(M20="Not Tested","Not yet tested","")) | T20: Sub | U20: =IF(M20="Not Met","("&3&") "&IF(H20="Yes","★ ","")&C20,"")
A21: L0-06 | B21: Access | C21: Access to the test (sandbox) endpoint requested and granted | D21: Request sandbox (test endpoint) access from the Regional Validation Team and confirm a successful connection. Purpose: The vendor can connect to the test servers. | E21: Check the confirmation email / access log from the endpoint administrator. | F21: Access confirmation | G21: Validator | H21: No | I21: 1 | J21: Binary | M21: Not Tested | N21: =IF(M21="N/A",IF(H21="Yes",0,""),IF(M21="Not Tested",0,IF(J21="Tier",IF(M21="Fully integrated",1,IF(M21="Standalone - manual encoding",0.5,0)),IF(J21="Binary",IF(M21="Met",1,0),IF(M21="Counted",IF(N(K21)>0,IF(J21="All-or-nothing",IF(N(L21)>=K21,1,0),MIN(N(L21)/K21,1)),0),0))))) | O21: =IF(M21="Not Met","Needs compliance",IF(M21="Not Tested","Not yet tested","")) | Q21: =IF(N21="",0,I21) | R21: =IF(N21="",0,I21*N21) | S21: =IF(AND(H21="Yes",M21<>"Not Tested",N21<>"",N21<1),1,0) | T21: Criterion | W21: =IF(AND(T21="Criterion",I21>0,M21<>"Not Tested",N21<>"",OR(N(N21)<1,S21=1)),A21,"")

Sheet L1 Documentation
A1: Level 1 — Product Documentation
A2: Documentation of the EMR system itself. Facility-level legal, privacy, infrastructure and personnel requirements are outside the scope of this tool.
C4: Level / section score | D4: =IF(SUM(Q10:Q300)=0,0,SUM(R10:R300)/SUM(Q10:Q300)) | E4: Items not yet tested | F4: =COUNTIFS(M10:M300,"Not Tested",T10:T300,"Criterion") | G4: Count criteria: mark each sub-item (rows marked ↳). Required, Achieved, Result and Outstanding are calculated automatically.
C5: Pass threshold (set on Summary) | D5: =Summary!D8 | E5: Items marked N/A | F5: =COUNTIFS(M10:M300,"N/A",T10:T300,"Criterion")
C6: Critical criteria not met (tested items) | D6: =SUM(S10:S300) | E6: Sheet status | F6: =IF(F4>0,"INCOMPLETE",IF(AND(D6=0,D4>=D5),"PASSED","NOT PASSED"))
C7: Evaluation progress (items evaluated) | D7: =IF(F7=0,0,(F7-F4)/F7) | E7: Total items | F7: =COUNTIF(T10:T300,"Criterion")
A9: Ref ID | B9: Section | C9: Criterion (what is checked) | D9: Developer's Guide (what the vendor must prepare / implement) | E9: Validator's Guide (how the Validators verify) | F9: Evidence required | G9: Validation role | H9: Critical? | I9: Weight | J9: Scoring type | K9: Required (n) | L9: Achieved (n) | M9: Result | N9: Score % | O9: Outstanding (auto) | P9: Evidence ref. / Notes | Q9: Applicable wt | R9: Earned wt | S9: Critical fail | T9: Row type | U9: Sub not met | V9: Sub tested | W9: Needs compliance (ID)
A10: L1-01 | B10: Workflow | C10: Process flows of the eReferral module as implemented in the system, for ALL three: (a) referring, (b) receiving, (c) back-referral | D10: Submit process flow diagrams of the eReferral module for referring, receiving and back-referral, showing the actual system screens and steps. Purpose: Shows how the system moves a referral step by step. All three are required (all-or-nothing, per DOH draft). | E10: Check that diagrams exist for all three flows and show the system screens/steps. If any one is missing, mark Not Met. | F10: Process flow diagrams | G10: Validator | H10: No | I10: 3 | J10: Binary | M10: Not Tested | N10: =IF(M10="N/A",IF(H10="Yes",0,""),IF(M10="Not Tested",0,IF(J10="Tier",IF(M10="Fully integrated",1,IF(M10="Standalone - manual encoding",0.5,0)),IF(J10="Binary",IF(M10="Met",1,0),IF(M10="Counted",IF(N(K10)>0,IF(J10="All-or-nothing",IF(N(L10)>=K10,1,0),MIN(N(L10)/K10,1)),0),0))))) | O10: =IF(M10="Not Met","Needs compliance",IF(M10="Not Tested","Not yet tested","")) | Q10: =IF(N10="",0,I10) | R10: =IF(N10="",0,I10*N10) | S10: =IF(AND(H10="Yes",M10<>"Not Tested",N10<>"",N10<1),1,0) | T10: Criterion | W10: =IF(AND(T10="Criterion",I10>0,M10<>"Not Tested",N10<>"",OR(N(N10)<1,S10=1)),A10,"")
A11: L1-02 | B11: Manual | C11: User manual of the eReferral module contains ALL seven required sections (all-or-nothing): (1) system overview & user roles, (2) referring workflow step-by-step, (3) receiving workflow step-by-step, (4) back-referral workflow, (5) downtime/offline behaviour, (6) troubleshooting & error messages, (7) vendor support contacts & escalation | D11: Submit the eReferral module user manual with a table of contents covering ALL 7 required sections, including how users check the server status and what the system does during downtime or offline operation. Titles, order and format (printed, PDF or online help) are the vendor's choice — only the content is checked. Purpose: Checks the CONTENT of the manual once, at product level. All seven sections are required: a manual missing any one section scores 0% (all-or-nothing). | E11: Check the table of contents and the body of the manual for each of the 7 sections. Mark each sub-item (↳) below so missing sections are listed. All-or-nothing: the criterion scores 100% only if ALL 7 sub-items are Met; if any one is Not Met the score is 0%. | F11: User manual | G11: Validator | H11: No | I11: 2 | J11: All-or-nothing | K11: =COUNTA(A12:A18)-COUNTIF(M12:M18,"N/A") | L11: =COUNTIF(M12:M18,"Met") | M11: =IF(COUNTIF(M12:M18,"N/A")=COUNTA(A12:A18),"N/A",IF(COUNTIF(M12:M18,"Not Tested")>0,"Not Tested","Counted")) | N11: =IF(M11="N/A",IF(H11="Yes",0,""),IF(M11="Not Tested",0,IF(J11="Tier",IF(M11="Fully integrated",1,IF(M11="Standalone - manual encoding",0.5,0)),IF(J11="Binary",IF(M11="Met",1,0),IF(M11="Counted",IF(N(K11)>0,IF(J11="All-or-nothing",IF(N(L11)>=K11,1,0),MIN(N(L11)/K11,1)),0),0))))) | O11: =IF(COUNTIF(M12:M18,"Not Met")>0,COUNTIF(M12:M18,"Not Met")&" of "&K11&" need compliance: "&_xlfn.TEXTJOIN("; ",TRUE(),U12:U18),IF(COUNTIF(M12:M18,"Not Tested")>0,COUNTIF(M12:M18,"Not Tested")&" of "&COUNTA(A12:A18)&" not yet tested",IF(M11="N/A","","All compliant"))) | Q11: =IF(N11="",0,I11) | R11: =IF(N11="",0,I11*N11) | S11: =IF(OR(AND(H11="Yes",M11<>"Not Tested",N11<>"",N11<1),COUNTIFS(H12:H18,"Yes",M12:M18,"Not Met")+COUNTIFS(H12:H18,"Yes",M12:M18,"N/A")>0),1,0) | T11: Criterion | V11: =COUNTA(A12:A18)-COUNTIF(M12:M18,"Not Tested") | W11: =IF(AND(T11="Criterion",I11>0,M11<>"Not Tested",N11<>"",OR(N(N11)<1,S11=1)),A11,"")
A12: L1-02.1 | B12: ↳ sub-item | C12: System overview & user roles | D12: (part of L1-02) | M12: Not Tested | O12: =IF(M12="Not Met","Needs compliance",IF(M12="Not Tested","Not yet tested","")) | T12: Sub | U12: =IF(M12="Not Met","("&1&") "&IF(H12="Yes","★ ","")&C12,"")
A13: L1-02.2 | B13: ↳ sub-item | C13: Referring workflow step-by-step | D13: (part of L1-02) | M13: Not Tested | O13: =IF(M13="Not Met","Needs compliance",IF(M13="Not Tested","Not yet tested","")) | T13: Sub | U13: =IF(M13="Not Met","("&2&") "&IF(H13="Yes","★ ","")&C13,"")
A14: L1-02.3 | B14: ↳ sub-item | C14: Receiving workflow step-by-step | D14: (part of L1-02) | M14: Not Tested | O14: =IF(M14="Not Met","Needs compliance",IF(M14="Not Tested","Not yet tested","")) | T14: Sub | U14: =IF(M14="Not Met","("&3&") "&IF(H14="Yes","★ ","")&C14,"")
A15: L1-02.4 | B15: ↳ sub-item | C15: Back-referral workflow | D15: (part of L1-02) | M15: Not Tested | O15: =IF(M15="Not Met","Needs compliance",IF(M15="Not Tested","Not yet tested","")) | T15: Sub | U15: =IF(M15="Not Met","("&4&") "&IF(H15="Yes","★ ","")&C15,"")
A16: L1-02.5 | B16: ↳ sub-item | C16: Server status check & downtime / offline behaviour | D16: (part of L1-02) | M16: Not Tested | O16: =IF(M16="Not Met","Needs compliance",IF(M16="Not Tested","Not yet tested","")) | T16: Sub | U16: =IF(M16="Not Met","("&5&") "&IF(H16="Yes","★ ","")&C16,"")
A17: L1-02.6 | B17: ↳ sub-item | C17: Troubleshooting & error messages | D17: (part of L1-02) | M17: Not Tested | O17: =IF(M17="Not Met","Needs compliance",IF(M17="Not Tested","Not yet tested","")) | T17: Sub | U17: =IF(M17="Not Met","("&6&") "&IF(H17="Yes","★ ","")&C17,"")
A18: L1-02.7 | B18: ↳ sub-item | C18: Vendor support contacts & escalation | D18: (part of L1-02) | M18: Not Tested | O18: =IF(M18="Not Met","Needs compliance",IF(M18="Not Tested","Not yet tested","")) | T18: Sub | U18: =IF(M18="Not Met","("&7&") "&IF(H18="Yes","★ ","")&C18,"")
A19: L1-03 | B19: Interfaces | C19: Supported FHIR interactions documented per resource (which resources are created, read, updated, searched), e.g. a CapabilityStatement (Connectathon Issue #3) | D19: Submit a CapabilityStatement (or equivalent) listing each FHIR resource used, its supported interactions (POST, PUT, GET, search) and search parameters. Purpose: Removes ambiguity about what the system actually sends and receives. | E19: Check the document lists each resource used in TS1/TS2 with its interactions (POST/PUT/GET/search). | F19: CapabilityStatement or equivalent document | G19: Validator (server-side check) | H19: Yes | I19: 2 | J19: Binary | M19: Not Tested | N19: =IF(M19="N/A",IF(H19="Yes",0,""),IF(M19="Not Tested",0,IF(J19="Tier",IF(M19="Fully integrated",1,IF(M19="Standalone - manual encoding",0.5,0)),IF(J19="Binary",IF(M19="Met",1,0),IF(M19="Counted",IF(N(K19)>0,IF(J19="All-or-nothing",IF(N(L19)>=K19,1,0),MIN(N(L19)/K19,1)),0),0))))) | O19: =IF(M19="Not Met","Needs compliance",IF(M19="Not Tested","Not yet tested","")) | Q19: =IF(N19="",0,I19) | R19: =IF(N19="",0,I19*N19) | S19: =IF(AND(H19="Yes",M19<>"Not Tested",N19<>"",N19<1),1,0) | T19: Criterion | W19: =IF(AND(T19="Criterion",I19>0,M19<>"Not Tested",N19<>"",OR(N(N19)<1,S19=1)),A19,"")
A20: L1-04 | B20: Architecture | C20: System architecture — integration of the eReferral function with the EMR, judged by how patient details reach the referral (not by how the system is built): (a) Fully integrated = 100% — the eReferral function is part of the EMR, OR it is a standalone system integrated with the EMR whose only role is to perform the referral and which receives the patient details automatically; (b) Standalone - manual encoding = 50% — the standalone system still requires manual intervention to encode patient details (re-typing, copy-paste or re-upload). | D20: Submit a system architecture diagram showing the EMR, the eReferral function (built-in or a separate system) and how patient details flow from the EMR record into the referral. A high-level diagram is sufficient — internal component, network or infrastructure details are not required. Any integration method is acceptable (shared database, API, FHIR, HL7 v2, other interface). Evidence options (vendor's choice — any ONE that proves compliance): (a) the full document / configuration; (b) a high-level or redacted version plus a signed attestation by an authorized officer that the control meets the referenced TB items; (c) independent certification or report (e.g., ISO/IEC 27001, SOC 2, cloud-provider compliance report, penetration-test summary letter); or (d) a view-only presentation (screen share or on site) recorded by the Validators as "sighted" with date, without keeping a copy. Source code, keys, credentials and internal network details are never required. Evidence is used only for this validation, under the Regional Validation Team's confidentiality undertaking (Instructions 4B). Purpose: What matters is that patient details recorded once in the EMR are reused without manual re-encoding. Whether the eReferral function is built into the EMR or is a separate system is the vendor's design choice and is not penalised. | E20: 1. Review the architecture diagram. 2. Demonstration: register the Test Data patient in the EMR, then start a referral. 3. Fully integrated: every patient detail already in the EMR (name, birth date, sex, PhilSys number, PhilHealth ID, address, contact number) appears in the referral without the user re-typing, copy-pasting or re-uploading it — whether the eReferral function is built into the EMR or is a separate system connected to it. 4. Standalone - manual encoding: any of these details must be encoded manually. 5. Not Met: no diagram or no demonstration. | F20: System architecture diagram (high-level is sufficient) + demonstration | G20: Validator + server-side check + Observer | H20: No | I20: 2 | J20: Tier | M20: Not Tested | N20: =IF(M20="N/A",IF(H20="Yes",0,""),IF(M20="Not Tested",0,IF(J20="Tier",IF(M20="Fully integrated",1,IF(M20="Standalone - manual encoding",0.5,0)),IF(J20="Binary",IF(M20="Met",1,0),IF(M20="Counted",IF(N(K20)>0,IF(J20="All-or-nothing",IF(N(L20)>=K20,1,0),MIN(N(L20)/K20,1)),0),0))))) | O20: =IF(M20="Not Met","Needs compliance",IF(M20="Not Tested","Not yet tested",IF(N20<1,"Integration level: "&M20,""))) | Q20: =IF(N20="",0,I20) | R20: =IF(N20="",0,I20*N20) | S20: =IF(AND(H20="Yes",M20<>"Not Tested",N20<>"",N20<1),1,0) | T20: Criterion | W20: =IF(AND(T20="Criterion",I20>0,M20<>"Not Tested",N20<>"",OR(N(N20)<1,S20=1)),A20,"")
A21: L1-05 | B21: Security design | C21: Product security and privacy design documented and stated against the Technical Baseline and NPC Circular 2023-06: (1) authentication & role-based access, (2) audit logging, (3) encryption in transit and at rest, (4) backup & recovery of data held only in the system (user accounts / credentials, audit trail, configuration), (5) privacy-by-design / privacy-by-default features — data minimisation, retention and secure disposal | D21: Submit security and privacy design documentation covering the five topics. For each topic, state the mechanism used and confirm it meets or exceeds the Technical Baseline (Reference Guide, Ch. 3) (TB-01 to TB-11). Any product, platform or method is acceptable if it meets the baseline. If an equivalent control is used instead, attach a short justification with evidence (Instructions 4A). Evidence options (vendor's choice — any ONE that proves compliance): (a) the full document / configuration; (b) a high-level or redacted version plus a signed attestation by an authorized officer that the control meets the referenced TB items; (c) independent certification or report (e.g., ISO/IEC 27001, SOC 2, cloud-provider compliance report, penetration-test summary letter); or (d) a view-only presentation (screen share or on site) recorded by the Validators as "sighted" with date, without keeping a copy. Source code, keys, credentials and internal network details are never required. Evidence is used only for this validation, under the Regional Validation Team's confidentiality undertaking (Instructions 4B). Purpose: Describes the security features the system provides, in measurable terms. Referral data exchanged is kept on the Shared Health Record; the backup covers data that exists only in the system. Topic 5 also gives facilities (the personal information controllers) what they need for their own Privacy Impact Assessment under NPC Circular 2023-06 §5 and §7. | E21: Count the five topics. A topic is Met if compliance is shown by ANY accepted evidence option (full or redacted document with signed attestation, independent certification, or view-only presentation recorded as sighted) AND it is mapped to the referenced TB items (or an equivalent control was accepted by the Technical Lead). Record the evidence option used in Notes. Level 2D tests that the controls work. Mark each sub-item (↳) below; Achieved is counted automatically. | F21: Security design document, OR redacted summary + signed attestation, OR independent certification, OR view-only presentation | G21: Validator + server-side check + Observer | H21: No | I21: 1 | J21: Count | K21: =COUNTA(A22:A26)-COUNTIF(M22:M26,"N/A") | L21: =COUNTIF(M22:M26,"Met") | M21: =IF(COUNTIF(M22:M26,"N/A")=COUNTA(A22:A26),"N/A",IF(COUNTIF(M22:M26,"Not Tested")>0,"Not Tested","Counted")) | N21: =IF(M21="N/A",IF(H21="Yes",0,""),IF(M21="Not Tested",0,IF(J21="Tier",IF(M21="Fully integrated",1,IF(M21="Standalone - manual encoding",0.5,0)),IF(J21="Binary",IF(M21="Met",1,0),IF(M21="Counted",IF(N(K21)>0,IF(J21="All-or-nothing",IF(N(L21)>=K21,1,0),MIN(N(L21)/K21,1)),0),0))))) | O21: =IF(COUNTIF(M22:M26,"Not Met")>0,COUNTIF(M22:M26,"Not Met")&" of "&K21&" need compliance: "&_xlfn.TEXTJOIN("; ",TRUE(),U22:U26),IF(COUNTIF(M22:M26,"Not Tested")>0,COUNTIF(M22:M26,"Not Tested")&" of "&COUNTA(A22:A26)&" not yet tested",IF(M21="N/A","","All compliant"))) | Q21: =IF(N21="",0,I21) | R21: =IF(N21="",0,I21*N21) | S21: =IF(OR(AND(H21="Yes",M21<>"Not Tested",N21<>"",N21<1),COUNTIFS(H22:H26,"Yes",M22:M26,"Not Met")+COUNTIFS(H22:H26,"Yes",M22:M26,"N/A")>0),1,0) | T21: Criterion | V21: =COUNTA(A22:A26)-COUNTIF(M22:M26,"Not Tested") | W21: =IF(AND(T21="Criterion",I21>0,M21<>"Not Tested",N21<>"",OR(N(N21)<1,S21=1)),A21,"")
A22: L1-05.1 | B22: ↳ sub-item | C22: Authentication & role-based access (TB-05, TB-06, TB-07) | D22: (part of L1-05) | M22: Not Tested | O22: =IF(M22="Not Met","Needs compliance",IF(M22="Not Tested","Not yet tested","")) | T22: Sub | U22: =IF(M22="Not Met","("&1&") "&IF(H22="Yes","★ ","")&C22,"")
A23: L1-05.2 | B23: ↳ sub-item | C23: Audit logging (TB-08) | D23: (part of L1-05) | M23: Not Tested | O23: =IF(M23="Not Met","Needs compliance",IF(M23="Not Tested","Not yet tested","")) | T23: Sub | U23: =IF(M23="Not Met","("&2&") "&IF(H23="Yes","★ ","")&C23,"")
A24: L1-05.3 | B24: ↳ sub-item | C24: Encryption in transit and at rest, password storage (TB-01 to TB-04) | D24: (part of L1-05) | M24: Not Tested | O24: =IF(M24="Not Met","Needs compliance",IF(M24="Not Tested","Not yet tested","")) | T24: Sub | U24: =IF(M24="Not Met","("&3&") "&IF(H24="Yes","★ ","")&C24,"")
A25: L1-05.4 | B25: ↳ sub-item | C25: Backup & recovery of data held only in the system — user accounts / credentials, audit trail, configuration (TB-09) | D25: (part of L1-05) | M25: Not Tested | O25: =IF(M25="Not Met","Needs compliance",IF(M25="Not Tested","Not yet tested","")) | T25: Sub | U25: =IF(M25="Not Met","("&4&") "&IF(H25="Yes","★ ","")&C25,"")
A26: L1-05.5 | B26: ↳ sub-item | C26: Privacy-by-design / privacy-by-default — data minimisation, retention and secure disposal (TB-11; NPC Circular 2023-06 §7–9, §28–30) | D26: (part of L1-05) | M26: Not Tested | O26: =IF(M26="Not Met","Needs compliance",IF(M26="Not Tested","Not yet tested","")) | T26: Sub | U26: =IF(M26="Not Met","("&5&") "&IF(H26="Yes","★ ","")&C26,"")
A27: L1-06 | B27: Release management | C27: Version/change management: release notes for the version under test and a committed timeline for updating to new IG versions | D27: Submit release notes for the version under test and a written timeline for adopting new PH Core / PHeReF IG versions. Purpose: Updates to the draft IGs will be applied in a controlled, traceable way. | E27: Check release notes for the version under test and the written update timeline. | F27: Release notes + update commitment | G27: Validator (server-side check) | H27: No | I27: 1 | J27: Binary | M27: Not Tested | N27: =IF(M27="N/A",IF(H27="Yes",0,""),IF(M27="Not Tested",0,IF(J27="Tier",IF(M27="Fully integrated",1,IF(M27="Standalone - manual encoding",0.5,0)),IF(J27="Binary",IF(M27="Met",1,0),IF(M27="Counted",IF(N(K27)>0,IF(J27="All-or-nothing",IF(N(L27)>=K27,1,0),MIN(N(L27)/K27,1)),0),0))))) | O27: =IF(M27="Not Met","Needs compliance",IF(M27="Not Tested","Not yet tested","")) | Q27: =IF(N27="",0,I27) | R27: =IF(N27="",0,I27*N27) | S27: =IF(AND(H27="Yes",M27<>"Not Tested",N27<>"",N27<1),1,0) | T27: Criterion | W27: =IF(AND(T27="Criterion",I27>0,M27<>"Not Tested",N27<>"",OR(N(N27)<1,S27=1)),A27,"")

Sheet L2-A TS0-Terminology
A1: Level 2A — TS0 Terminology & Registry Validation (GATE)
A2: Before submitting (TS1) or reading (TS2) an eReferral, every coded element must use the official terminology and every registry value or patient identifier must follow the official registry — the exact server, registry or API for each concept is named in the Terminology & Registry Sources (Reference Guide, Ch. 4) (SRC-01 to SRC-15). CRITICAL (must be 100%): the IG-required bindings (TS0-01, TS0-02), invalid-code handling (TS0-03), PSGC and NHFR (★ in TS0-06) and the PhilHealth / PhilSys identifiers (TS0-07) — TS1, TS2 and Level 3 cannot work without them. Other items (display text, code-system validity, NHWR, DSWD) carry normal weight but are not critical. How values are obtained (live look-up, scheduled sync or cached copy) is the vendor's choice. Test this part FIRST.
C4: Level / section score | D4: =IF(SUM(Q10:Q300)=0,0,SUM(R10:R300)/SUM(Q10:Q300)) | E4: Items not yet tested | F4: =COUNTIFS(M10:M300,"Not Tested",T10:T300,"Criterion") | G4: Count criteria: mark each sub-item (rows marked ↳). Required, Achieved, Result and Outstanding are calculated automatically.
C5: Pass threshold (set on Summary) | D5: =Summary!D10 | E5: Items marked N/A | F5: =COUNTIFS(M10:M300,"N/A",T10:T300,"Criterion")
C6: Critical criteria not met (tested items) | D6: =SUM(S10:S300) | E6: Sheet status | F6: =IF(F4>0,"INCOMPLETE",IF(AND(D6=0,D4>=D5),"PASSED","NOT PASSED"))
C7: Evaluation progress (items evaluated) | D7: =IF(F7=0,0,(F7-F4)/F7) | E7: Total items | F7: =COUNTIF(T10:T300,"Criterion")
A9: Ref ID | B9: Section | C9: Criterion (what is checked) | D9: Developer's Guide (what the vendor must prepare / implement) | E9: Validator's Guide (how the Validators verify) | F9: Evidence required | G9: Validation role | H9: Critical? | I9: Weight | J9: Scoring type | K9: Required (n) | L9: Achieved (n) | M9: Result | N9: Score % | O9: Outstanding (auto) | P9: Evidence ref. / Notes | Q9: Applicable wt | R9: Earned wt | S9: Critical fail | T9: Row type | U9: Sub not met | V9: Sub tested | W9: Needs compliance (ID)
A10: TS0-01 | B10: PH Core | C10: PH Core coded elements: values match the official PH Core / base FHIR value sets (required bindings — not locally invented) | D10: Use the PH Core / base FHIR value sets for each coded field listed (sex, contact point) — source SRC-05. Use the source named in the Terminology & Registry Sources (Reference Guide, Ch. 4) — for coded values, the DOH HIE terminology server (runtime look-up, scheduled sync or cached copy: vendor's choice). Purpose: These bindings are REQUIRED in the IG; a wrong code makes the whole referral fail validation (TS1-T.02), so this is critical. | E10: 1. Check that the system's configured terminology endpoint is the DOH HIE terminology server (Terminology & Registry Sources — Reference Guide, Ch. 4). 2. Open each field / dropdown listed as a sub-item and compare the options with the value set on the server ($expand), or check the submitted code ($validate-code). 3. A sub-item is Met only if every option / submitted code belongs to the bound value set. Mark each sub-item (↳) below; Achieved is counted automatically. ★ = critical sub-item: if it is Not Met (or N/A) the criterion counts as a critical failure. | F10: Screenshot of each dropdown + server response ($expand / $validate-code) | G10: Validator + server-side check + Observer | H10: Yes | I10: 2 | J10: Count | K10: =COUNTA(A11:A14)-COUNTIF(M11:M14,"N/A") | L10: =COUNTIF(M11:M14,"Met") | M10: =IF(COUNTIF(M11:M14,"N/A")=COUNTA(A11:A14),"N/A",IF(COUNTIF(M11:M14,"Not Tested")>0,"Not Tested","Counted")) | N10: =IF(M10="N/A",IF(H10="Yes",0,""),IF(M10="Not Tested",0,IF(J10="Tier",IF(M10="Fully integrated",1,IF(M10="Standalone - manual encoding",0.5,0)),IF(J10="Binary",IF(M10="Met",1,0),IF(M10="Counted",IF(N(K10)>0,IF(J10="All-or-nothing",IF(N(L10)>=K10,1,0),MIN(N(L10)/K10,1)),0),0))))) | O10: =IF(COUNTIF(M11:M14,"Not Met")>0,COUNTIF(M11:M14,"Not Met")&" of "&K10&" need compliance: "&_xlfn.TEXTJOIN("; ",TRUE(),U11:U14),IF(COUNTIF(M11:M14,"Not Tested")>0,COUNTIF(M11:M14,"Not Tested")&" of "&COUNTA(A11:A14)&" not yet tested",IF(M10="N/A","","All compliant"))) | Q10: =IF(N10="",0,I10) | R10: =IF(N10="",0,I10*N10) | S10: =IF(OR(AND(H10="Yes",M10<>"Not Tested",N10<>"",N10<1),COUNTIFS(H11:H14,"Yes",M11:M14,"Not Met")+COUNTIFS(H11:H14,"Yes",M11:M14,"N/A")>0),1,0) | T10: Criterion | V10: =COUNTA(A11:A14)-COUNTIF(M11:M14,"Not Tested") | W10: =IF(AND(T10="Criterion",I10>0,M10<>"Not Tested",N10<>"",OR(N(N10)<1,S10=1)),A10,"")
A11: TS0-01.1 | B11: ↳ sub-item | C11: Sex — AdministrativeGender (required binding) | D11: (part of TS0-01) | H11: Yes | M11: Not Tested | O11: =IF(M11="Not Met","Needs compliance",IF(M11="Not Tested","Not yet tested","")) | T11: Sub | U11: =IF(M11="Not Met","("&1&") "&IF(H11="Yes","★ ","")&C11,"")
A12: TS0-01.2 | B12: ↳ sub-item | C12: Contact number — ContactPointSystem / ContactPointUse (required binding) | D12: (part of TS0-01) | H12: Yes | M12: Not Tested | O12: =IF(M12="Not Met","Needs compliance",IF(M12="Not Tested","Not yet tested","")) | T12: Sub | U12: =IF(M12="Not Met","("&2&") "&IF(H12="Yes","★ ","")&C12,"")
A13: TS0-01.3 | B13: ↳ sub-item | C13: Civil status — MaritalStatus value set (required binding in ERefPatient) | D13: (part of TS0-01) | H13: Yes | M13: Not Tested | O13: =IF(M13="Not Met","Needs compliance",IF(M13="Not Tested","Not yet tested","")) | T13: Sub | U13: =IF(M13="Not Met","("&3&") "&IF(H13="Yes","★ ","")&C13,"")
A14: TS0-01.4 | B14: ↳ sub-item | C14: Accompanied by / next of kin relationship — RelatedPerson relationship type (required binding on Patient.contact.relationship) | D14: (part of TS0-01) | H14: Yes | M14: Not Tested | O14: =IF(M14="Not Met","Needs compliance",IF(M14="Not Tested","Not yet tested","")) | T14: Sub | U14: =IF(M14="Not Met","("&4&") "&IF(H14="Yes","★ ","")&C14,"")
A15: TS0-02 | B15: PHeReF | C15: PHeReF coded elements: values match the official PHeReF value sets (not locally invented) | D15: Use the PHeReF value sets for each coded field — sources SRC-01 to SRC-04 and SRC-09. Use the source named in the Terminology & Registry Sources (Reference Guide, Ch. 4) — for coded values, the DOH HIE terminology server (runtime look-up, scheduled sync or cached copy: vendor's choice). Referral Category → ServiceRequest.category (Referral Category VS, SNOMED CT: 73770003 Emergency / 440655000 Outpatient — required). Priority → ServiceRequest.priority (EReferralPriority: routine / urgent / stat — required). Reason for Referral → ServiceRequest.reasonCode (Reason for Referral (Service Type) VS, SNOMED CT). Practitioner Role → PractitionerRole.code (Practitioner Role VS — required). Task status → Task.status (FHIR TaskStatus: requested, received, accepted, rejected, completed). Purpose: TS1, TS2 and the Level 3 reports cannot work if these codes are wrong — all five are critical. | E15: 1. Check that the system's configured terminology endpoint is the DOH HIE terminology server (Terminology & Registry Sources — Reference Guide, Ch. 4). 2. Open each field / dropdown listed as a sub-item and compare the options with the value set on the server ($expand), or check the submitted code ($validate-code). 3. A sub-item is Met only if every option / submitted code belongs to the bound value set. Mark each sub-item (↳) below; Achieved is counted automatically. ★ = critical sub-item: if it is Not Met (or N/A) the criterion counts as a critical failure. | F15: Screenshot of each dropdown + server response ($expand / $validate-code) | G15: Validator + server-side check + Observer | H15: Yes | I15: 2 | J15: Count | K15: =COUNTA(A16:A20)-COUNTIF(M16:M20,"N/A") | L15: =COUNTIF(M16:M20,"Met") | M15: =IF(COUNTIF(M16:M20,"N/A")=COUNTA(A16:A20),"N/A",IF(COUNTIF(M16:M20,"Not Tested")>0,"Not Tested","Counted")) | N15: =IF(M15="N/A",IF(H15="Yes",0,""),IF(M15="Not Tested",0,IF(J15="Tier",IF(M15="Fully integrated",1,IF(M15="Standalone - manual encoding",0.5,0)),IF(J15="Binary",IF(M15="Met",1,0),IF(M15="Counted",IF(N(K15)>0,IF(J15="All-or-nothing",IF(N(L15)>=K15,1,0),MIN(N(L15)/K15,1)),0),0))))) | O15: =IF(COUNTIF(M16:M20,"Not Met")>0,COUNTIF(M16:M20,"Not Met")&" of "&K15&" need compliance: "&_xlfn.TEXTJOIN("; ",TRUE(),U16:U20),IF(COUNTIF(M16:M20,"Not Tested")>0,COUNTIF(M16:M20,"Not Tested")&" of "&COUNTA(A16:A20)&" not yet tested",IF(M15="N/A","","All compliant"))) | Q15: =IF(N15="",0,I15) | R15: =IF(N15="",0,I15*N15) | S15: =IF(OR(AND(H15="Yes",M15<>"Not Tested",N15<>"",N15<1),COUNTIFS(H16:H20,"Yes",M16:M20,"Not Met")+COUNTIFS(H16:H20,"Yes",M16:M20,"N/A")>0),1,0) | T15: Criterion | V15: =COUNTA(A16:A20)-COUNTIF(M16:M20,"Not Tested") | W15: =IF(AND(T15="Criterion",I15>0,M15<>"Not Tested",N15<>"",OR(N(N15)<1,S15=1)),A15,"")
A16: TS0-02.1 | B16: ↳ sub-item | C16: Practitioner Role — PHeReF Practitioner Role VS (required binding) | D16: (part of TS0-02) | H16: Yes | M16: Not Tested | O16: =IF(M16="Not Met","Needs compliance",IF(M16="Not Tested","Not yet tested","")) | T16: Sub | U16: =IF(M16="Not Met","("&1&") "&IF(H16="Yes","★ ","")&C16,"")
A17: TS0-02.2 | B17: ↳ sub-item | C17: Referral Category — PHeReF Referral Category VS, SNOMED CT Emergency / Outpatient (required binding) | D17: (part of TS0-02) | H17: Yes | M17: Not Tested | O17: =IF(M17="Not Met","Needs compliance",IF(M17="Not Tested","Not yet tested","")) | T17: Sub | U17: =IF(M17="Not Met","("&2&") "&IF(H17="Yes","★ ","")&C17,"")
A18: TS0-02.3 | B18: ↳ sub-item | C18: Priority — EReferralPriority: routine / urgent / stat (required binding) | D18: (part of TS0-02) | H18: Yes | M18: Not Tested | O18: =IF(M18="Not Met","Needs compliance",IF(M18="Not Tested","Not yet tested","")) | T18: Sub | U18: =IF(M18="Not Met","("&3&") "&IF(H18="Yes","★ ","")&C18,"")
A19: TS0-02.4 | B19: ↳ sub-item | C19: Reason for Referral (service type) — PHeReF Reason for Referral VS, SNOMED CT | D19: (part of TS0-02) | H19: Yes | M19: Not Tested | O19: =IF(M19="Not Met","Needs compliance",IF(M19="Not Tested","Not yet tested","")) | T19: Sub | U19: =IF(M19="Not Met","("&4&") "&IF(H19="Yes","★ ","")&C19,"")
A20: TS0-02.5 | B20: ↳ sub-item | C20: Task status — FHIR TaskStatus (requested / received / accepted / rejected / completed) | D20: (part of TS0-02) | H20: Yes | M20: Not Tested | O20: =IF(M20="Not Met","Needs compliance",IF(M20="Not Tested","Not yet tested","")) | T20: Sub | U20: =IF(M20="Not Met","("&5&") "&IF(H20="Yes","★ ","")&C20,"")
A21: TS0-03 | B21: Terminology | C21: Invalid codes are handled gracefully: the system prevents a code outside the bound value set, OR clearly shows the SHR's rejection to the user and lets them correct and resend (Connectathon Issue #25) | D21: Either (a) validate coded fields before saving / sending (e.g., pick-lists built from the value set, $validate-code) so an out-of-value-set code cannot be entered, or (b) when the SHR rejects the referral, show the user a clear error naming the field and allow correction and resend. Which approach is used is the vendor's choice. Purpose: Wrong codes never silently enter the referral or the dashboards, and users are never left with a failed referral they cannot see. | E21: Validator (server-side) attempts to submit one code outside the value set (e.g., for Reason for Referral). Met if EITHER the EMR blocks / flags it before sending, OR the EMR displays the SHR's rejection in understandable terms and the user can correct and resend successfully. Not Met if the error is not shown to the user, or the code is accepted. | F21: Screenshot of the block / error message + server-side evidence of the rejected and corrected submission | G21: Validator + server-side check + Observer | H21: Yes | I21: 2 | J21: Binary | M21: Not Tested | N21: =IF(M21="N/A",IF(H21="Yes",0,""),IF(M21="Not Tested",0,IF(J21="Tier",IF(M21="Fully integrated",1,IF(M21="Standalone - manual encoding",0.5,0)),IF(J21="Binary",IF(M21="Met",1,0),IF(M21="Counted",IF(N(K21)>0,IF(J21="All-or-nothing",IF(N(L21)>=K21,1,0),MIN(N(L21)/K21,1)),0),0))))) | O21: =IF(M21="Not Met","Needs compliance",IF(M21="Not Tested","Not yet tested","")) | Q21: =IF(N21="",0,I21) | R21: =IF(N21="",0,I21*N21) | S21: =IF(AND(H21="Yes",M21<>"Not Tested",N21<>"",N21<1),1,0) | T21: Criterion | W21: =IF(AND(T21="Criterion",I21>0,M21<>"Not Tested",N21<>"",OR(N(N21)<1,S21=1)),A21,"")
A22: TS0-04 | B22: Terminology | C22: Codes are displayed with their official display text (no locally renamed labels) | D22: Display the official display text from the terminology server; do not rename code labels locally. A local translation may be shown in addition to, not instead of, the official text. Purpose: Everyone sees the same meaning for the same code. | E22: Compare displayed labels for 3 value sets against the terminology server display. Count matching value sets. Mark each sub-item (↳) below; Achieved is counted automatically. ★ = critical sub-item: if it is Not Met (or N/A) the criterion counts as a critical failure. | F22: Screenshots side-by-side | G22: Validator + server-side check + Observer | H22: No | I22: 1 | J22: Count | K22: =COUNTA(A23:A25)-COUNTIF(M23:M25,"N/A") | L22: =COUNTIF(M23:M25,"Met") | M22: =IF(COUNTIF(M23:M25,"N/A")=COUNTA(A23:A25),"N/A",IF(COUNTIF(M23:M25,"Not Tested")>0,"Not Tested","Counted")) | N22: =IF(M22="N/A",IF(H22="Yes",0,""),IF(M22="Not Tested",0,IF(J22="Tier",IF(M22="Fully integrated",1,IF(M22="Standalone - manual encoding",0.5,0)),IF(J22="Binary",IF(M22="Met",1,0),IF(M22="Counted",IF(N(K22)>0,IF(J22="All-or-nothing",IF(N(L22)>=K22,1,0),MIN(N(L22)/K22,1)),0),0))))) | O22: =IF(COUNTIF(M23:M25,"Not Met")>0,COUNTIF(M23:M25,"Not Met")&" of "&K22&" need compliance: "&_xlfn.TEXTJOIN("; ",TRUE(),U23:U25),IF(COUNTIF(M23:M25,"Not Tested")>0,COUNTIF(M23:M25,"Not Tested")&" of "&COUNTA(A23:A25)&" not yet tested",IF(M22="N/A","","All compliant"))) | Q22: =IF(N22="",0,I22) | R22: =IF(N22="",0,I22*N22) | S22: =IF(OR(AND(H22="Yes",M22<>"Not Tested",N22<>"",N22<1),COUNTIFS(H23:H25,"Yes",M23:M25,"Not Met")+COUNTIFS(H23:H25,"Yes",M23:M25,"N/A")>0),1,0) | T22: Criterion | V22: =COUNTA(A23:A25)-COUNTIF(M23:M25,"Not Tested") | W22: =IF(AND(T22="Criterion",I22>0,M22<>"Not Tested",N22<>"",OR(N(N22)<1,S22=1)),A22,"")
A23: TS0-04.1 | B23: ↳ sub-item | C23: Practitioner Role — official display text | D23: (part of TS0-04) | M23: Not Tested | O23: =IF(M23="Not Met","Needs compliance",IF(M23="Not Tested","Not yet tested","")) | T23: Sub | U23: =IF(M23="Not Met","("&1&") "&IF(H23="Yes","★ ","")&C23,"")
A24: TS0-04.2 | B24: ↳ sub-item | C24: Referral Category — official display text | D24: (part of TS0-04) | M24: Not Tested | O24: =IF(M24="Not Met","Needs compliance",IF(M24="Not Tested","Not yet tested","")) | T24: Sub | U24: =IF(M24="Not Met","("&2&") "&IF(H24="Yes","★ ","")&C24,"")
A25: TS0-04.3 | B25: ↳ sub-item | C25: Reason for Referral — official display text | D25: (part of TS0-04) | M25: Not Tested | O25: =IF(M25="Not Met","Needs compliance",IF(M25="Not Tested","Not yet tested","")) | T25: Sub | U25: =IF(M25="Not Met","("&3&") "&IF(H25="Yes","★ ","")&C25,"")
A26: TS0-05 | B26: SNOMED CT / LOINC | C26: International code systems used where the PH Core / PHeReF IG binds them are valid codes on the DOH terminology server: SNOMED CT, LOINC and ICD-10 | D26: Where the IG binds a field to SNOMED CT (practitioner role, referral category, reason for referral) or LOINC (vital-sign Observation codes), or ICD-10 (working impression, where bound), send codes that exist in the edition loaded on the DOH terminology server, with the correct system URI. Purpose: Codes are valid and comparable across facilities. | E26: Validator (server-side) runs CodeSystem/$validate-code on the DOH terminology server (or $validate on the submitted bundle) for every SNOMED CT, LOINC and ICD-10 code in the Test Data referral. A sub-item is Met only if every code of that system is valid. Mark each sub-item (↳) below; Achieved is counted automatically. ★ = critical sub-item: if it is Not Met (or N/A) the criterion counts as a critical failure. | F26: $validate-code / $validate output | G26: Validator + server-side check + Observer | H26: No | I26: 2 | J26: Count | K26: =COUNTA(A27:A29)-COUNTIF(M27:M29,"N/A") | L26: =COUNTIF(M27:M29,"Met") | M26: =IF(COUNTIF(M27:M29,"N/A")=COUNTA(A27:A29),"N/A",IF(COUNTIF(M27:M29,"Not Tested")>0,"Not Tested","Counted")) | N26: =IF(M26="N/A",IF(H26="Yes",0,""),IF(M26="Not Tested",0,IF(J26="Tier",IF(M26="Fully integrated",1,IF(M26="Standalone - manual encoding",0.5,0)),IF(J26="Binary",IF(M26="Met",1,0),IF(M26="Counted",IF(N(K26)>0,IF(J26="All-or-nothing",IF(N(L26)>=K26,1,0),MIN(N(L26)/K26,1)),0),0))))) | O26: =IF(COUNTIF(M27:M29,"Not Met")>0,COUNTIF(M27:M29,"Not Met")&" of "&K26&" need compliance: "&_xlfn.TEXTJOIN("; ",TRUE(),U27:U29),IF(COUNTIF(M27:M29,"Not Tested")>0,COUNTIF(M27:M29,"Not Tested")&" of "&COUNTA(A27:A29)&" not yet tested",IF(M26="N/A","","All compliant"))) | Q26: =IF(N26="",0,I26) | R26: =IF(N26="",0,I26*N26) | S26: =IF(OR(AND(H26="Yes",M26<>"Not Tested",N26<>"",N26<1),COUNTIFS(H27:H29,"Yes",M27:M29,"Not Met")+COUNTIFS(H27:H29,"Yes",M27:M29,"N/A")>0),1,0) | T26: Criterion | V26: =COUNTA(A27:A29)-COUNTIF(M27:M29,"Not Tested") | W26: =IF(AND(T26="Criterion",I26>0,M26<>"Not Tested",N26<>"",OR(N(N26)<1,S26=1)),A26,"")
A27: TS0-05.1 | B27: ↳ sub-item | C27: SNOMED CT — codes valid; system = http://snomed.info/sct | D27: (part of TS0-05) | M27: Not Tested | O27: =IF(M27="Not Met","Needs compliance",IF(M27="Not Tested","Not yet tested","")) | T27: Sub | U27: =IF(M27="Not Met","("&1&") "&IF(H27="Yes","★ ","")&C27,"")
A28: TS0-05.2 | B28: ↳ sub-item | C28: LOINC — vital-sign codes valid; system = http://loinc.org | D28: (part of TS0-05) | M28: Not Tested | O28: =IF(M28="Not Met","Needs compliance",IF(M28="Not Tested","Not yet tested","")) | T28: Sub | U28: =IF(M28="Not Met","("&2&") "&IF(H28="Yes","★ ","")&C28,"")
A29: TS0-05.3 | B29: ↳ sub-item | C29: ICD-10 — working-impression codes valid; system = http://hl7.org/fhir/sid/icd-10 (N/A if not bound) | D29: (part of TS0-05) | M29: Not Tested | O29: =IF(M29="Not Met","Needs compliance",IF(M29="Not Tested","Not yet tested","")) | T29: Sub | U29: =IF(M29="Not Met","("&3&") "&IF(H29="Yes","★ ","")&C29,"")
A30: TS0-06 | B30: Registry | C30: Geographic, facility and health-worker values come from the official national registries and match them: PSGC, NHFR, NHWR | D30: Take PSGC codes from the PSA PSGC release announced by the DOH (SRC-10), facility codes from the NHFR (SRC-11) and practitioner identifiers from the NHWR / PRC (SRC-12). How the registry is accessed (API, scheduled sync or official download) is the vendor's choice; the release must match the DOH server. Purpose: PSGC and NHFR are critical — the receiving facility finds its referrals by NHFR code (TS2-01) and the Level 3 reports group by facility and municipality. | E30: 1. Open each field listed as a sub-item and compare the values with the source named in the Terminology & Registry Sources (Reference Guide, Ch. 4). 2. Server-side check: confirm the submitted codes exist in that registry / the DOH terminology server. 3. For NHFR (TS0-06.2): try to type a facility that is not in the NHFR — the system must only allow selecting NHFR facilities (absorbs Rev 6 L4-09). Mark each sub-item (↳) below; Achieved is counted automatically. ★ = critical sub-item: if it is Not Met (or N/A) the criterion counts as a critical failure. | F30: Screenshot of each field + registry / server response | G30: Validator + server-side check + Observer | H30: ★ subs | I30: 2 | J30: Count | K30: =COUNTA(A31:A33)-COUNTIF(M31:M33,"N/A") | L30: =COUNTIF(M31:M33,"Met") | M30: =IF(COUNTIF(M31:M33,"N/A")=COUNTA(A31:A33),"N/A",IF(COUNTIF(M31:M33,"Not Tested")>0,"Not Tested","Counted")) | N30: =IF(M30="N/A",IF(H30="Yes",0,""),IF(M30="Not Tested",0,IF(J30="Tier",IF(M30="Fully integrated",1,IF(M30="Standalone - manual encoding",0.5,0)),IF(J30="Binary",IF(M30="Met",1,0),IF(M30="Counted",IF(N(K30)>0,IF(J30="All-or-nothing",IF(N(L30)>=K30,1,0),MIN(N(L30)/K30,1)),0),0))))) | O30: =IF(COUNTIF(M31:M33,"Not Met")>0,COUNTIF(M31:M33,"Not Met")&" of "&K30&" need compliance: "&_xlfn.TEXTJOIN("; ",TRUE(),U31:U33),IF(COUNTIF(M31:M33,"Not Tested")>0,COUNTIF(M31:M33,"Not Tested")&" of "&COUNTA(A31:A33)&" not yet tested",IF(M30="N/A","","All compliant"))) | Q30: =IF(N30="",0,I30) | R30: =IF(N30="",0,I30*N30) | S30: =IF(OR(AND(H30="Yes",M30<>"Not Tested",N30<>"",N30<1),COUNTIFS(H31:H33,"Yes",M31:M33,"Not Met")+COUNTIFS(H31:H33,"Yes",M31:M33,"N/A")>0),1,0) | T30: Criterion | V30: =COUNTA(A31:A33)-COUNTIF(M31:M33,"Not Tested") | W30: =IF(AND(T30="Criterion",I30>0,M30<>"Not Tested",N30<>"",OR(N(N30)<1,S30=1)),A30,"")
A31: TS0-06.1 | B31: ↳ sub-item | C31: PSGC code — Philippine Standard Geographic Code (PSA) | D31: (part of TS0-06) | H31: Yes | M31: Not Tested | O31: =IF(M31="Not Met","Needs compliance",IF(M31="Not Tested","Not yet tested","")) | T31: Sub | U31: =IF(M31="Not Met","("&1&") "&IF(H31="Yes","★ ","")&C31,"")
A32: TS0-06.2 | B32: ↳ sub-item | C32: NHFR code — National Health Facility Registry; facilities selected only from the NHFR, not free-typed (absorbs Rev 6 L4-09) | D32: (part of TS0-06) | H32: Yes | M32: Not Tested | O32: =IF(M32="Not Met","Needs compliance",IF(M32="Not Tested","Not yet tested","")) | T32: Sub | U32: =IF(M32="Not Met","("&2&") "&IF(H32="Yes","★ ","")&C32,"")
A33: TS0-06.3 | B33: ↳ sub-item | C33: NHWR — health worker identifier / licence no. (National Health Workforce Registry) | D33: (part of TS0-06) | M33: Not Tested | O33: =IF(M33="Not Met","Needs compliance",IF(M33="Not Tested","Not yet tested","")) | T33: Sub | U33: =IF(M33="Not Met","("&3&") "&IF(H33="Yes","★ ","")&C33,"")
A34: TS0-07 | B34: Registry | C34: Patient identifiers — PhilHealth ID and PhilSys number — are captured, validated and sent with the official PH Core identifier system, so that every patient record is linked to them (CRITICAL) | D34: For every patient: (1) provide fields for the PhilHealth ID and the PhilSys number; (2) validate the format per the PH Core IG and reject malformed values; (3) send each as Patient.identifier with the PH Core identifier system (PHCorePhilHealthID / PHCorePhilSysID); (4) where a verification service is made available for the sandbox — e.g., the PhilSys Verifier through the DSWD dxCLOUD API under an agreement with DSWD (SRC-14), or a PhilHealth service (SRC-13) — use it. If a patient genuinely has no number yet, the record may be saved with the reason recorded (e.g., "not yet registered") so it can be linked later — the system must never invent or default a number. How validation is implemented is the vendor's choice. Purpose: Patients are expected to be linked to their PhilHealth and PhilSys numbers across the network; these identifiers are the keys for matching records and avoiding duplicates (L4-08). | E34: For EACH identifier (sub-item): 1. Enter the Test Data value and submit; Validator (server-side) retrieves the Patient and confirms identifier.system and value match PH Core and the Test Data. 2. Enter one malformed value (e.g., wrong number of digits, or letters); the system must reject it. 3. If a verification service is available on the sandbox, confirm the system used it. Met only if all applicable steps pass. CRITICAL — both sub-items must be Met. Mark each sub-item (↳) below; Achieved is counted automatically. | F34: SHR Patient resource + error screenshot for the malformed value | G34: Validator + server-side check + Observer | H34: Yes | I34: 2 | J34: Count | K34: =COUNTA(A35:A36)-COUNTIF(M35:M36,"N/A") | L34: =COUNTIF(M35:M36,"Met") | M34: =IF(COUNTIF(M35:M36,"N/A")=COUNTA(A35:A36),"N/A",IF(COUNTIF(M35:M36,"Not Tested")>0,"Not Tested","Counted")) | N34: =IF(M34="N/A",IF(H34="Yes",0,""),IF(M34="Not Tested",0,IF(J34="Tier",IF(M34="Fully integrated",1,IF(M34="Standalone - manual encoding",0.5,0)),IF(J34="Binary",IF(M34="Met",1,0),IF(M34="Counted",IF(N(K34)>0,IF(J34="All-or-nothing",IF(N(L34)>=K34,1,0),MIN(N(L34)/K34,1)),0),0))))) | O34: =IF(COUNTIF(M35:M36,"Not Met")>0,COUNTIF(M35:M36,"Not Met")&" of "&K34&" need compliance: "&_xlfn.TEXTJOIN("; ",TRUE(),U35:U36),IF(COUNTIF(M35:M36,"Not Tested")>0,COUNTIF(M35:M36,"Not Tested")&" of "&COUNTA(A35:A36)&" not yet tested",IF(M34="N/A","","All compliant"))) | Q34: =IF(N34="",0,I34) | R34: =IF(N34="",0,I34*N34) | S34: =IF(OR(AND(H34="Yes",M34<>"Not Tested",N34<>"",N34<1),COUNTIFS(H35:H36,"Yes",M35:M36,"Not Met")+COUNTIFS(H35:H36,"Yes",M35:M36,"N/A")>0),1,0) | T34: Criterion | V34: =COUNTA(A35:A36)-COUNTIF(M35:M36,"Not Tested") | W34: =IF(AND(T34="Criterion",I34>0,M34<>"Not Tested",N34<>"",OR(N(N34)<1,S34=1)),A34,"")
A35: TS0-07.1 | B35: ↳ sub-item | C35: PhilHealth ID (PhilHealth) — official identifier system, format validated, malformed value rejected | D35: (part of TS0-07) | H35: Yes | M35: Not Tested | O35: =IF(M35="Not Met","Needs compliance",IF(M35="Not Tested","Not yet tested","")) | T35: Sub | U35: =IF(M35="Not Met","("&1&") "&IF(H35="Yes","★ ","")&C35,"")
A36: TS0-07.2 | B36: ↳ sub-item | C36: PhilSys number (PSA) — official identifier system, format validated, malformed value rejected | D36: (part of TS0-07) | H36: Yes | M36: Not Tested | O36: =IF(M36="Not Met","Needs compliance",IF(M36="Not Tested","Not yet tested","")) | T36: Sub | U36: =IF(M36="Not Met","("&2&") "&IF(H36="Yes","★ ","")&C36,"")
A37: TS0-08 | B37: Registry (optional) | C37: OPTIONAL — DSWD household / beneficiary identifier (Household No. or UBD ID) can be recorded and, where DSWD grants API access, looked up through the DSWD dxCLOUD API (SRC-15) | D37: Provide a field for the DSWD household / beneficiary identifier. Where DSWD has granted API access and a data sharing agreement is in place, the system may look it up or verify it through the DSWD dxCLOUD API (https://dxcloud.dswd.gov.ph/api/documentation — e.g., /api/person/getUBID, /api/person/verifyPantawid). Optional and not scored until the TDG defines the PH Core / PHeReF mapping. | E37: Record whether the field exists and, if DSWD API access was granted, whether a look-up works (for information only). | F37: Screenshot (optional) | G37: Validator | H37: No | I37: 0 | J37: Binary | M37: Not Tested | N37: =IF(M37="N/A",IF(H37="Yes",0,""),IF(M37="Not Tested",0,IF(J37="Tier",IF(M37="Fully integrated",1,IF(M37="Standalone - manual encoding",0.5,0)),IF(J37="Binary",IF(M37="Met",1,0),IF(M37="Counted",IF(N(K37)>0,IF(J37="All-or-nothing",IF(N(L37)>=K37,1,0),MIN(N(L37)/K37,1)),0),0))))) | O37: =IF(M37="Not Met","Needs compliance",IF(M37="Not Tested","Not yet tested","")) | Q37: =IF(N37="",0,I37) | R37: =IF(N37="",0,I37*N37) | S37: =IF(AND(H37="Yes",M37<>"Not Tested",N37<>"",N37<1),1,0) | T37: Criterion | W37: =IF(AND(T37="Criterion",I37>0,M37<>"Not Tested",N37<>"",OR(N(N37)<1,S37=1)),A37,"")

Sheet L2-B TS1-Submission
A1: Level 2B — TS1 eReferral Submission by Referring Facility
A2: The referring facility submits the Test Data referral to the Shared Health Record (SHR). Every item is verified ON THE SERVER using any one form of server-side evidence: an Interoperability Layer log (e.g., OpenHIM), an Inferno / FHIR validator report, or the raw request / response payload from the developer. Fields are grouped by FHIR resource — open the resource once and tick its fields. ★ marks critical sub-items. How the data is sent (HTTP verbs, bundle style) is the vendor's choice.
C4: Level / section score | D4: =IF(SUM(Q10:Q300)=0,0,SUM(R10:R300)/SUM(Q10:Q300)) | E4: Items not yet tested | F4: =COUNTIFS(M10:M300,"Not Tested",T10:T300,"Criterion") | G4: Count criteria: mark each sub-item (rows marked ↳). Required, Achieved, Result and Outstanding are calculated automatically.
C5: Pass threshold (set on Summary) | D5: =Summary!D11 | E5: Items marked N/A | F5: =COUNTIFS(M10:M300,"N/A",T10:T300,"Criterion")
C6: Critical criteria not met (tested items) | D6: =SUM(S10:S300) | E6: Sheet status | F6: =IF(F4>0,"INCOMPLETE",IF(AND(D6=0,D4>=D5),"PASSED","NOT PASSED"))
C7: Evaluation progress (items evaluated) | D7: =IF(F7=0,0,(F7-F4)/F7) | E7: Total items | F7: =COUNTIF(T10:T300,"Criterion")
A9: Ref ID | B9: Section | C9: Criterion (what is checked) | D9: Developer's Guide (what the vendor must prepare / implement) | E9: Validator's Guide (how the Validators verify) | F9: Evidence required | G9: Validation role | H9: Critical? | I9: Weight | J9: Scoring type | K9: Required (n) | L9: Achieved (n) | M9: Result | N9: Score % | O9: Outstanding (auto) | P9: Evidence ref. / Notes | Q9: Applicable wt | R9: Earned wt | S9: Critical fail | T9: Row type | U9: Sub not met | V9: Sub tested | W9: Needs compliance (ID)
A10: TS1-01 | B10: Referring facility | C10: Referring (initiating) facility details are submitted correctly | D10: Capture the fields below in the EMR and send them in the Organization (referring facility) per the PHeReF / PH Core profile. Any create / update method is accepted (transaction Bundle recommended; conditional create / update allowed) — HTTP verbs are not prescribed. What is tested is that the values reach the SHR in the profiled resource and can be retrieved. FHIR elements: Organization.name; Organization.identifier (NHFR; HCPN); Organization.address (PSGC-coded); Organization.telecom Source: SRC-10, SRC-11, SRC-05 (Terminology & Registry Sources — Reference Guide, Ch. 4) Purpose: The receiving facility knows exactly where the patient comes from. | E10: 1. Enter the Test Data values for this group (Test Data Section A) in the referring EMR and submit the referral. 2. Open the Organization in the server-side evidence and compare each sub-item with the Test Data value. 3. Record the resource ID / log reference in Notes. Mark each sub-item (↳) below; Achieved is counted automatically. ★ = critical sub-item: if it is Not Met (or N/A) the criterion counts as a critical failure. Server-side evidence — any ONE of: (a) Interoperability Layer transaction log (e.g., OpenHIM), (b) Inferno / official FHIR validator report, or (c) the raw FHIR request / response payload provided by the developer and captured during the session. | F10: Server-side evidence (IOL log, Inferno / validator report, or raw payload) + resource ID | G10: Validator + server-side check + Observer | H10: ★ subs | I10: 2 | J10: Count | K10: =COUNTA(A11:A15)-COUNTIF(M11:M15,"N/A") | L10: =COUNTIF(M11:M15,"Met") | M10: =IF(COUNTIF(M11:M15,"N/A")=COUNTA(A11:A15),"N/A",IF(COUNTIF(M11:M15,"Not Tested")>0,"Not Tested","Counted")) | N10: =IF(M10="N/A",IF(H10="Yes",0,""),IF(M10="Not Tested",0,IF(J10="Tier",IF(M10="Fully integrated",1,IF(M10="Standalone - manual encoding",0.5,0)),IF(J10="Binary",IF(M10="Met",1,0),IF(M10="Counted",IF(N(K10)>0,IF(J10="All-or-nothing",IF(N(L10)>=K10,1,0),MIN(N(L10)/K10,1)),0),0))))) | O10: =IF(COUNTIF(M11:M15,"Not Met")>0,COUNTIF(M11:M15,"Not Met")&" of "&K10&" need compliance: "&_xlfn.TEXTJOIN("; ",TRUE(),U11:U15),IF(COUNTIF(M11:M15,"Not Tested")>0,COUNTIF(M11:M15,"Not Tested")&" of "&COUNTA(A11:A15)&" not yet tested",IF(M10="N/A","","All compliant"))) | Q10: =IF(N10="",0,I10) | R10: =IF(N10="",0,I10*N10) | S10: =IF(OR(AND(H10="Yes",M10<>"Not Tested",N10<>"",N10<1),COUNTIFS(H11:H15,"Yes",M11:M15,"Not Met")+COUNTIFS(H11:H15,"Yes",M11:M15,"N/A")>0),1,0) | T10: Criterion | V10: =COUNTA(A11:A15)-COUNTIF(M11:M15,"Not Tested") | W10: =IF(AND(T10="Criterion",I10>0,M10<>"Not Tested",N10<>"",OR(N(N10)<1,S10=1)),A10,"")
A11: TS1-01.1 | B11: ↳ sub-item | C11: HCPN name — Organization.identifier (HCPN) | D11: (part of TS1-01) | M11: Not Tested | O11: =IF(M11="Not Met","Needs compliance",IF(M11="Not Tested","Not yet tested","")) | T11: Sub | U11: =IF(M11="Not Met","("&1&") "&IF(H11="Yes","★ ","")&C11,"")
A12: TS1-01.2 | B12: ↳ sub-item | C12: Facility name — Organization.name | D12: (part of TS1-01) | M12: Not Tested | O12: =IF(M12="Not Met","Needs compliance",IF(M12="Not Tested","Not yet tested","")) | T12: Sub | U12: =IF(M12="Not Met","("&2&") "&IF(H12="Yes","★ ","")&C12,"")
A13: TS1-01.3 | B13: ↳ sub-item | C13: NHFR code — Organization.identifier (NHFR) | D13: (part of TS1-01) | H13: Yes | M13: Not Tested | O13: =IF(M13="Not Met","Needs compliance",IF(M13="Not Tested","Not yet tested","")) | T13: Sub | U13: =IF(M13="Not Met","("&3&") "&IF(H13="Yes","★ ","")&C13,"")
A14: TS1-01.4 | B14: ↳ sub-item | C14: Address, PSGC-coded — Organization.address | D14: (part of TS1-01) | M14: Not Tested | O14: =IF(M14="Not Met","Needs compliance",IF(M14="Not Tested","Not yet tested","")) | T14: Sub | U14: =IF(M14="Not Met","("&4&") "&IF(H14="Yes","★ ","")&C14,"")
A15: TS1-01.5 | B15: ↳ sub-item | C15: Contact number — Organization.telecom | D15: (part of TS1-01) | M15: Not Tested | O15: =IF(M15="Not Met","Needs compliance",IF(M15="Not Tested","Not yet tested","")) | T15: Sub | U15: =IF(M15="Not Met","("&5&") "&IF(H15="Yes","★ ","")&C15,"")
A16: TS1-02 | B16: Receiving facility | C16: Receiving facility details are submitted correctly | D16: Capture the fields below in the EMR and send them in the Organization (receiving facility) per the PHeReF / PH Core profile. Any create / update method is accepted (transaction Bundle recommended; conditional create / update allowed) — HTTP verbs are not prescribed. What is tested is that the values reach the SHR in the profiled resource and can be retrieved. FHIR elements: Organization.name; Organization.identifier (NHFR); Organization.address — referenced from ServiceRequest.performer / Task.owner Source: SRC-10, SRC-11 (Terminology & Registry Sources — Reference Guide, Ch. 4) Purpose: The referral is addressed to the right facility so it appears in that facility's incoming list. | E16: 1. Enter the Test Data values for this group (Test Data Section A) in the referring EMR and submit the referral. 2. Open the Organization in the server-side evidence and compare each sub-item with the Test Data value. 3. Record the resource ID / log reference in Notes. Mark each sub-item (↳) below; Achieved is counted automatically. ★ = critical sub-item: if it is Not Met (or N/A) the criterion counts as a critical failure. Server-side evidence — any ONE of: (a) Interoperability Layer transaction log (e.g., OpenHIM), (b) Inferno / official FHIR validator report, or (c) the raw FHIR request / response payload provided by the developer and captured during the session. | F16: Server-side evidence (IOL log, Inferno / validator report, or raw payload) + resource ID | G16: Validator + server-side check + Observer | H16: ★ subs | I16: 2 | J16: Count | K16: =COUNTA(A17:A19)-COUNTIF(M17:M19,"N/A") | L16: =COUNTIF(M17:M19,"Met") | M16: =IF(COUNTIF(M17:M19,"N/A")=COUNTA(A17:A19),"N/A",IF(COUNTIF(M17:M19,"Not Tested")>0,"Not Tested","Counted")) | N16: =IF(M16="N/A",IF(H16="Yes",0,""),IF(M16="Not Tested",0,IF(J16="Tier",IF(M16="Fully integrated",1,IF(M16="Standalone - manual encoding",0.5,0)),IF(J16="Binary",IF(M16="Met",1,0),IF(M16="Counted",IF(N(K16)>0,IF(J16="All-or-nothing",IF(N(L16)>=K16,1,0),MIN(N(L16)/K16,1)),0),0))))) | O16: =IF(COUNTIF(M17:M19,"Not Met")>0,COUNTIF(M17:M19,"Not Met")&" of "&K16&" need compliance: "&_xlfn.TEXTJOIN("; ",TRUE(),U17:U19),IF(COUNTIF(M17:M19,"Not Tested")>0,COUNTIF(M17:M19,"Not Tested")&" of "&COUNTA(A17:A19)&" not yet tested",IF(M16="N/A","","All compliant"))) | Q16: =IF(N16="",0,I16) | R16: =IF(N16="",0,I16*N16) | S16: =IF(OR(AND(H16="Yes",M16<>"Not Tested",N16<>"",N16<1),COUNTIFS(H17:H19,"Yes",M17:M19,"Not Met")+COUNTIFS(H17:H19,"Yes",M17:M19,"N/A")>0),1,0) | T16: Criterion | V16: =COUNTA(A17:A19)-COUNTIF(M17:M19,"Not Tested") | W16: =IF(AND(T16="Criterion",I16>0,M16<>"Not Tested",N16<>"",OR(N(N16)<1,S16=1)),A16,"")
A17: TS1-02.1 | B17: ↳ sub-item | C17: Facility name — Organization.name | D17: (part of TS1-02) | M17: Not Tested | O17: =IF(M17="Not Met","Needs compliance",IF(M17="Not Tested","Not yet tested","")) | T17: Sub | U17: =IF(M17="Not Met","("&1&") "&IF(H17="Yes","★ ","")&C17,"")
A18: TS1-02.2 | B18: ↳ sub-item | C18: NHFR code — Organization.identifier (NHFR) | D18: (part of TS1-02) | H18: Yes | M18: Not Tested | O18: =IF(M18="Not Met","Needs compliance",IF(M18="Not Tested","Not yet tested","")) | T18: Sub | U18: =IF(M18="Not Met","("&2&") "&IF(H18="Yes","★ ","")&C18,"")
A19: TS1-02.3 | B19: ↳ sub-item | C19: Address, PSGC-coded — Organization.address | D19: (part of TS1-02) | M19: Not Tested | O19: =IF(M19="Not Met","Needs compliance",IF(M19="Not Tested","Not yet tested","")) | T19: Sub | U19: =IF(M19="Not Met","("&3&") "&IF(H19="Yes","★ ","")&C19,"")
A20: TS1-03 | B20: Referring practitioner | C20: Referring practitioner (and care navigator, if assigned) is submitted correctly and linked as the requester | D20: Capture the fields below in the EMR and send them in the PractitionerRole + Practitioner (referring facility) per the PHeReF / PH Core profile. Any create / update method is accepted (transaction Bundle recommended; conditional create / update allowed) — HTTP verbs are not prescribed. What is tested is that the values reach the SHR in the profiled resource and can be retrieved. FHIR elements: Practitioner.name; PractitionerRole.code (Practitioner Role VS); referenced by ServiceRequest.requester and Task.requester. A care navigator at the referring facility, where assigned, is a separate PractitionerRole (role code from the Practitioner Role VS). Source: SRC-01, SRC-12 (Terminology & Registry Sources — Reference Guide, Ch. 4) Purpose: The receiving facility knows who is accountable for the referral and whom to call back. | E20: 1. Enter the Test Data values for this group (Test Data Section A) in the referring EMR and submit the referral. 2. Open the PractitionerRole + Practitioner in the server-side evidence and compare each sub-item with the Test Data value. 3. Record the resource ID / log reference in Notes. Mark each sub-item (↳) below; Achieved is counted automatically. ★ = critical sub-item: if it is Not Met (or N/A) the criterion counts as a critical failure. Server-side evidence — any ONE of: (a) Interoperability Layer transaction log (e.g., OpenHIM), (b) Inferno / official FHIR validator report, or (c) the raw FHIR request / response payload provided by the developer and captured during the session. | F20: Server-side evidence (IOL log, Inferno / validator report, or raw payload) + resource ID | G20: Validator + server-side check + Observer | H20: ★ subs | I20: 2 | J20: Count | K20: =COUNTA(A21:A24)-COUNTIF(M21:M24,"N/A") | L20: =COUNTIF(M21:M24,"Met") | M20: =IF(COUNTIF(M21:M24,"N/A")=COUNTA(A21:A24),"N/A",IF(COUNTIF(M21:M24,"Not Tested")>0,"Not Tested","Counted")) | N20: =IF(M20="N/A",IF(H20="Yes",0,""),IF(M20="Not Tested",0,IF(J20="Tier",IF(M20="Fully integrated",1,IF(M20="Standalone - manual encoding",0.5,0)),IF(J20="Binary",IF(M20="Met",1,0),IF(M20="Counted",IF(N(K20)>0,IF(J20="All-or-nothing",IF(N(L20)>=K20,1,0),MIN(N(L20)/K20,1)),0),0))))) | O20: =IF(COUNTIF(M21:M24,"Not Met")>0,COUNTIF(M21:M24,"Not Met")&" of "&K20&" need compliance: "&_xlfn.TEXTJOIN("; ",TRUE(),U21:U24),IF(COUNTIF(M21:M24,"Not Tested")>0,COUNTIF(M21:M24,"Not Tested")&" of "&COUNTA(A21:A24)&" not yet tested",IF(M20="N/A","","All compliant"))) | Q20: =IF(N20="",0,I20) | R20: =IF(N20="",0,I20*N20) | S20: =IF(OR(AND(H20="Yes",M20<>"Not Tested",N20<>"",N20<1),COUNTIFS(H21:H24,"Yes",M21:M24,"Not Met")+COUNTIFS(H21:H24,"Yes",M21:M24,"N/A")>0),1,0) | T20: Criterion | V20: =COUNTA(A21:A24)-COUNTIF(M21:M24,"Not Tested") | W20: =IF(AND(T20="Criterion",I20>0,M20<>"Not Tested",N20<>"",OR(N(N20)<1,S20=1)),A20,"")
A21: TS1-03.1 | B21: ↳ sub-item | C21: Name of referring practitioner — Practitioner.name | D21: (part of TS1-03) | M21: Not Tested | O21: =IF(M21="Not Met","Needs compliance",IF(M21="Not Tested","Not yet tested","")) | T21: Sub | U21: =IF(M21="Not Met","("&1&") "&IF(H21="Yes","★ ","")&C21,"")
A22: TS1-03.2 | B22: ↳ sub-item | C22: Practitioner role — PractitionerRole.code | D22: (part of TS1-03) | H22: Yes | M22: Not Tested | O22: =IF(M22="Not Met","Needs compliance",IF(M22="Not Tested","Not yet tested","")) | T22: Sub | U22: =IF(M22="Not Met","("&2&") "&IF(H22="Yes","★ ","")&C22,"")
A23: TS1-03.3 | B23: ↳ sub-item | C23: Care navigator at the referring facility, if assigned — separate PractitionerRole (N/A if the facility does not assign one) | D23: (part of TS1-03) | M23: Not Tested | O23: =IF(M23="Not Met","Needs compliance",IF(M23="Not Tested","Not yet tested","")) | T23: Sub | U23: =IF(M23="Not Met","("&3&") "&IF(H23="Yes","★ ","")&C23,"")
A24: TS1-03.4 | B24: ↳ sub-item | C24: Referring practitioner is the requester of the ServiceRequest and the Task (not the receiving practitioner) | D24: (part of TS1-03) | H24: Yes | M24: Not Tested | O24: =IF(M24="Not Met","Needs compliance",IF(M24="Not Tested","Not yet tested","")) | T24: Sub | U24: =IF(M24="Not Met","("&4&") "&IF(H24="Yes","★ ","")&C24,"")
A25: TS1-04 | B25: Patient | C25: Patient demographics and identifiers are submitted correctly | D25: Capture the fields below in the EMR and send them in the Patient (ERefPatient / PH Core Patient) per the PHeReF / PH Core profile. Any create / update method is accepted (transaction Bundle recommended; conditional create / update allowed) — HTTP verbs are not prescribed. What is tested is that the values reach the SHR in the profiled resource and can be retrieved. FHIR elements: Patient.name; Patient.identifier (PH Core PhilSys and PhilHealth slices); Patient.birthDate; Patient.gender; Patient.maritalStatus; Patient.address (PSGC-coded); Patient.telecom; PWD Disability Registration extension. Age is NOT sent — the receiving system computes it from birthDate (checked in TS2-04). Source: SRC-05, SRC-10, SRC-13, SRC-14 (Terminology & Registry Sources — Reference Guide, Ch. 4) Purpose: The patient is identified unambiguously across facilities. | E25: 1. Enter the Test Data values for this group (Test Data Section A) in the referring EMR and submit the referral. 2. Open the Patient in the server-side evidence and compare each sub-item with the Test Data value. 3. Record the resource ID / log reference in Notes. Mark each sub-item (↳) below; Achieved is counted automatically. ★ = critical sub-item: if it is Not Met (or N/A) the criterion counts as a critical failure. Server-side evidence — any ONE of: (a) Interoperability Layer transaction log (e.g., OpenHIM), (b) Inferno / official FHIR validator report, or (c) the raw FHIR request / response payload provided by the developer and captured during the session. | F25: Server-side evidence (IOL log, Inferno / validator report, or raw payload) + resource ID | G25: Validator + server-side check + Observer | H25: ★ subs | I25: 2 | J25: Count | K25: =COUNTA(A26:A34)-COUNTIF(M26:M34,"N/A") | L25: =COUNTIF(M26:M34,"Met") | M25: =IF(COUNTIF(M26:M34,"N/A")=COUNTA(A26:A34),"N/A",IF(COUNTIF(M26:M34,"Not Tested")>0,"Not Tested","Counted")) | N25: =IF(M25="N/A",IF(H25="Yes",0,""),IF(M25="Not Tested",0,IF(J25="Tier",IF(M25="Fully integrated",1,IF(M25="Standalone - manual encoding",0.5,0)),IF(J25="Binary",IF(M25="Met",1,0),IF(M25="Counted",IF(N(K25)>0,IF(J25="All-or-nothing",IF(N(L25)>=K25,1,0),MIN(N(L25)/K25,1)),0),0))))) | O25: =IF(COUNTIF(M26:M34,"Not Met")>0,COUNTIF(M26:M34,"Not Met")&" of "&K25&" need compliance: "&_xlfn.TEXTJOIN("; ",TRUE(),U26:U34),IF(COUNTIF(M26:M34,"Not Tested")>0,COUNTIF(M26:M34,"Not Tested")&" of "&COUNTA(A26:A34)&" not yet tested",IF(M25="N/A","","All compliant"))) | Q25: =IF(N25="",0,I25) | R25: =IF(N25="",0,I25*N25) | S25: =IF(OR(AND(H25="Yes",M25<>"Not Tested",N25<>"",N25<1),COUNTIFS(H26:H34,"Yes",M26:M34,"Not Met")+COUNTIFS(H26:H34,"Yes",M26:M34,"N/A")>0),1,0) | T25: Criterion | V25: =COUNTA(A26:A34)-COUNTIF(M26:M34,"Not Tested") | W25: =IF(AND(T25="Criterion",I25>0,M25<>"Not Tested",N25<>"",OR(N(N25)<1,S25=1)),A25,"")
A26: TS1-04.1 | B26: ↳ sub-item | C26: Full name — Patient.name | D26: (part of TS1-04) | M26: Not Tested | O26: =IF(M26="Not Met","Needs compliance",IF(M26="Not Tested","Not yet tested","")) | T26: Sub | U26: =IF(M26="Not Met","("&1&") "&IF(H26="Yes","★ ","")&C26,"")
A27: TS1-04.2 | B27: ↳ sub-item | C27: PhilSys number — Patient.identifier (PH Core PhilSys system) | D27: (part of TS1-04) | H27: Yes | M27: Not Tested | O27: =IF(M27="Not Met","Needs compliance",IF(M27="Not Tested","Not yet tested","")) | T27: Sub | U27: =IF(M27="Not Met","("&2&") "&IF(H27="Yes","★ ","")&C27,"")
A28: TS1-04.3 | B28: ↳ sub-item | C28: PhilHealth ID — Patient.identifier (PH Core PhilHealth system) | D28: (part of TS1-04) | H28: Yes | M28: Not Tested | O28: =IF(M28="Not Met","Needs compliance",IF(M28="Not Tested","Not yet tested","")) | T28: Sub | U28: =IF(M28="Not Met","("&3&") "&IF(H28="Yes","★ ","")&C28,"")
A29: TS1-04.4 | B29: ↳ sub-item | C29: Birth date — Patient.birthDate | D29: (part of TS1-04) | M29: Not Tested | O29: =IF(M29="Not Met","Needs compliance",IF(M29="Not Tested","Not yet tested","")) | T29: Sub | U29: =IF(M29="Not Met","("&4&") "&IF(H29="Yes","★ ","")&C29,"")
A30: TS1-04.5 | B30: ↳ sub-item | C30: Sex — Patient.gender | D30: (part of TS1-04) | H30: Yes | M30: Not Tested | O30: =IF(M30="Not Met","Needs compliance",IF(M30="Not Tested","Not yet tested","")) | T30: Sub | U30: =IF(M30="Not Met","("&5&") "&IF(H30="Yes","★ ","")&C30,"")
A31: TS1-04.6 | B31: ↳ sub-item | C31: Civil status — Patient.maritalStatus | D31: (part of TS1-04) | M31: Not Tested | O31: =IF(M31="Not Met","Needs compliance",IF(M31="Not Tested","Not yet tested","")) | T31: Sub | U31: =IF(M31="Not Met","("&6&") "&IF(H31="Yes","★ ","")&C31,"")
A32: TS1-04.7 | B32: ↳ sub-item | C32: Address, PSGC-coded — Patient.address | D32: (part of TS1-04) | M32: Not Tested | O32: =IF(M32="Not Met","Needs compliance",IF(M32="Not Tested","Not yet tested","")) | T32: Sub | U32: =IF(M32="Not Met","("&7&") "&IF(H32="Yes","★ ","")&C32,"")
A33: TS1-04.8 | B33: ↳ sub-item | C33: Contact number — Patient.telecom | D33: (part of TS1-04) | M33: Not Tested | O33: =IF(M33="Not Met","Needs compliance",IF(M33="Not Tested","Not yet tested","")) | T33: Sub | U33: =IF(M33="Not Met","("&8&") "&IF(H33="Yes","★ ","")&C33,"")
A34: TS1-04.9 | B34: ↳ sub-item | C34: PWD registration — PWD Disability Registration extension (N/A if the test patient has none) | D34: (part of TS1-04) | M34: Not Tested | O34: =IF(M34="Not Met","Needs compliance",IF(M34="Not Tested","Not yet tested","")) | T34: Sub | U34: =IF(M34="Not Met","("&9&") "&IF(H34="Yes","★ ","")&C34,"")
A35: TS1-05 | B35: Accompanying person | C35: Accompanied By / Next of Kin is submitted correctly | D35: Send the accompanying person / next of kin (name, relationship, contact number) as a RelatedPerson (ERefRelatedPerson) per the IG. Patient.contact is accepted as an equivalent while the IG is in draft, provided the values are complete and pass $validate. Any create / update method is accepted (transaction Bundle recommended; conditional create / update allowed) — HTTP verbs are not prescribed. What is tested is that the values reach the SHR in the profiled resource and can be retrieved. Purpose: The receiving facility knows who is with the patient and whom to contact. | E35: 1. Enter the Test Data value and submit. 2. In the server-side evidence, find the RelatedPerson (or Patient.contact) and compare name, relationship and contact number with the Test Data. Met only if all three match. Server-side evidence — any ONE of: (a) Interoperability Layer transaction log (e.g., OpenHIM), (b) Inferno / official FHIR validator report, or (c) the raw FHIR request / response payload provided by the developer and captured during the session. | F35: Server-side evidence (IOL log, Inferno / validator report, or raw payload) + resource ID | G35: Validator + server-side check + Observer | H35: No | I35: 1 | J35: Binary | M35: Not Tested | N35: =IF(M35="N/A",IF(H35="Yes",0,""),IF(M35="Not Tested",0,IF(J35="Tier",IF(M35="Fully integrated",1,IF(M35="Standalone - manual encoding",0.5,0)),IF(J35="Binary",IF(M35="Met",1,0),IF(M35="Counted",IF(N(K35)>0,IF(J35="All-or-nothing",IF(N(L35)>=K35,1,0),MIN(N(L35)/K35,1)),0),0))))) | O35: =IF(M35="Not Met","Needs compliance",IF(M35="Not Tested","Not yet tested","")) | Q35: =IF(N35="",0,I35) | R35: =IF(N35="",0,I35*N35) | S35: =IF(AND(H35="Yes",M35<>"Not Tested",N35<>"",N35<1),1,0) | T35: Criterion | W35: =IF(AND(T35="Criterion",I35>0,M35<>"Not Tested",N35<>"",OR(N(N35)<1,S35=1)),A35,"")
A36: TS1-06 | B36: Referral request | C36: Referral request details are submitted correctly | D36: Capture the fields below in the EMR and send them in the ServiceRequest (EReferral ServiceRequest) per the PHeReF / PH Core profile. Any create / update method is accepted (transaction Bundle recommended; conditional create / update allowed) — HTTP verbs are not prescribed. What is tested is that the values reach the SHR in the profiled resource and can be retrieved. FHIR elements: ServiceRequest.authoredOn; .category (Referral Category VS); .priority (EReferralPriority); .reasonCode (Reason for Referral VS) with .reasonReference → Condition; .subject → Patient; .requester → referring PractitionerRole; .performer → receiving facility / practitioner; .intent = order (fixed); .status. Source: SRC-02, SRC-03, SRC-09 (Terminology & Registry Sources — Reference Guide, Ch. 4) Purpose: The receiving facility sees what is requested, how urgent it is and why. | E36: 1. Enter the Test Data values for this group (Test Data Section A) in the referring EMR and submit the referral. 2. Open the ServiceRequest in the server-side evidence and compare each sub-item with the Test Data value. 3. Record the resource ID / log reference in Notes. Mark each sub-item (↳) below; Achieved is counted automatically. ★ = critical sub-item: if it is Not Met (or N/A) the criterion counts as a critical failure. Server-side evidence — any ONE of: (a) Interoperability Layer transaction log (e.g., OpenHIM), (b) Inferno / official FHIR validator report, or (c) the raw FHIR request / response payload provided by the developer and captured during the session. | F36: Server-side evidence (IOL log, Inferno / validator report, or raw payload) + resource ID | G36: Validator + server-side check + Observer | H36: ★ subs | I36: 2 | J36: Count | K36: =COUNTA(A37:A42)-COUNTIF(M37:M42,"N/A") | L36: =COUNTIF(M37:M42,"Met") | M36: =IF(COUNTIF(M37:M42,"N/A")=COUNTA(A37:A42),"N/A",IF(COUNTIF(M37:M42,"Not Tested")>0,"Not Tested","Counted")) | N36: =IF(M36="N/A",IF(H36="Yes",0,""),IF(M36="Not Tested",0,IF(J36="Tier",IF(M36="Fully integrated",1,IF(M36="Standalone - manual encoding",0.5,0)),IF(J36="Binary",IF(M36="Met",1,0),IF(M36="Counted",IF(N(K36)>0,IF(J36="All-or-nothing",IF(N(L36)>=K36,1,0),MIN(N(L36)/K36,1)),0),0))))) | O36: =IF(COUNTIF(M37:M42,"Not Met")>0,COUNTIF(M37:M42,"Not Met")&" of "&K36&" need compliance: "&_xlfn.TEXTJOIN("; ",TRUE(),U37:U42),IF(COUNTIF(M37:M42,"Not Tested")>0,COUNTIF(M37:M42,"Not Tested")&" of "&COUNTA(A37:A42)&" not yet tested",IF(M36="N/A","","All compliant"))) | Q36: =IF(N36="",0,I36) | R36: =IF(N36="",0,I36*N36) | S36: =IF(OR(AND(H36="Yes",M36<>"Not Tested",N36<>"",N36<1),COUNTIFS(H37:H42,"Yes",M37:M42,"Not Met")+COUNTIFS(H37:H42,"Yes",M37:M42,"N/A")>0),1,0) | T36: Criterion | V36: =COUNTA(A37:A42)-COUNTIF(M37:M42,"Not Tested") | W36: =IF(AND(T36="Criterion",I36>0,M36<>"Not Tested",N36<>"",OR(N(N36)<1,S36=1)),A36,"")
A37: TS1-06.1 | B37: ↳ sub-item | C37: Date of referral — ServiceRequest.authoredOn | D37: (part of TS1-06) | M37: Not Tested | O37: =IF(M37="Not Met","Needs compliance",IF(M37="Not Tested","Not yet tested","")) | T37: Sub | U37: =IF(M37="Not Met","("&1&") "&IF(H37="Yes","★ ","")&C37,"")
A38: TS1-06.2 | B38: ↳ sub-item | C38: Referral category — ServiceRequest.category (Emergency / Outpatient) | D38: (part of TS1-06) | H38: Yes | M38: Not Tested | O38: =IF(M38="Not Met","Needs compliance",IF(M38="Not Tested","Not yet tested","")) | T38: Sub | U38: =IF(M38="Not Met","("&2&") "&IF(H38="Yes","★ ","")&C38,"")
A39: TS1-06.3 | B39: ↳ sub-item | C39: Priority — ServiceRequest.priority (routine / urgent / stat) | D39: (part of TS1-06) | H39: Yes | M39: Not Tested | O39: =IF(M39="Not Met","Needs compliance",IF(M39="Not Tested","Not yet tested","")) | T39: Sub | U39: =IF(M39="Not Met","("&3&") "&IF(H39="Yes","★ ","")&C39,"")
A40: TS1-06.4 | B40: ↳ sub-item | C40: Reason for referral — ServiceRequest.reasonCode | D40: (part of TS1-06) | H40: Yes | M40: Not Tested | O40: =IF(M40="Not Met","Needs compliance",IF(M40="Not Tested","Not yet tested","")) | T40: Sub | U40: =IF(M40="Not Met","("&4&") "&IF(H40="Yes","★ ","")&C40,"")
A41: TS1-06.5 | B41: ↳ sub-item | C41: Links — subject → Patient, requester → referring PractitionerRole, performer → receiving facility | D41: (part of TS1-06) | H41: Yes | M41: Not Tested | O41: =IF(M41="Not Met","Needs compliance",IF(M41="Not Tested","Not yet tested","")) | T41: Sub | U41: =IF(M41="Not Met","("&5&") "&IF(H41="Yes","★ ","")&C41,"")
A42: TS1-06.6 | B42: ↳ sub-item | C42: Fixed values — intent = order; status per IG | D42: (part of TS1-06) | M42: Not Tested | O42: =IF(M42="Not Met","Needs compliance",IF(M42="Not Tested","Not yet tested","")) | T42: Sub | U42: =IF(M42="Not Met","("&6&") "&IF(H42="Yes","★ ","")&C42,"")
A43: TS1-07 | B43: Clinical findings | C43: Chief complaint, working impression and clinical history are submitted correctly | D43: Capture the fields below in the EMR and send them in the Condition (EReferral Condition) per the PHeReF / PH Core profile. Any create / update method is accepted (transaction Bundle recommended; conditional create / update allowed) — HTTP verbs are not prescribed. What is tested is that the values reach the SHR in the profiled resource and can be retrieved. FHIR elements: Chief complaint → Condition.code.text (category problem-list-item); working impression → Condition.code (ICD-10 / SNOMED CT; category encounter-diagnosis), referenced from ServiceRequest.reasonReference; clinical history → Condition.note. Source: SRC-06, SRC-08 (Terminology & Registry Sources — Reference Guide, Ch. 4) Purpose: The receiving clinician understands the clinical reason for the referral. | E43: 1. Enter the Test Data values for this group (Test Data Section A) in the referring EMR and submit the referral. 2. Open the Condition in the server-side evidence and compare each sub-item with the Test Data value. 3. Record the resource ID / log reference in Notes. Mark each sub-item (↳) below; Achieved is counted automatically. ★ = critical sub-item: if it is Not Met (or N/A) the criterion counts as a critical failure. Server-side evidence — any ONE of: (a) Interoperability Layer transaction log (e.g., OpenHIM), (b) Inferno / official FHIR validator report, or (c) the raw FHIR request / response payload provided by the developer and captured during the session. | F43: Server-side evidence (IOL log, Inferno / validator report, or raw payload) + resource ID | G43: Validator + server-side check + Observer | H43: ★ subs | I43: 2 | J43: Count | K43: =COUNTA(A44:A46)-COUNTIF(M44:M46,"N/A") | L43: =COUNTIF(M44:M46,"Met") | M43: =IF(COUNTIF(M44:M46,"N/A")=COUNTA(A44:A46),"N/A",IF(COUNTIF(M44:M46,"Not Tested")>0,"Not Tested","Counted")) | N43: =IF(M43="N/A",IF(H43="Yes",0,""),IF(M43="Not Tested",0,IF(J43="Tier",IF(M43="Fully integrated",1,IF(M43="Standalone - manual encoding",0.5,0)),IF(J43="Binary",IF(M43="Met",1,0),IF(M43="Counted",IF(N(K43)>0,IF(J43="All-or-nothing",IF(N(L43)>=K43,1,0),MIN(N(L43)/K43,1)),0),0))))) | O43: =IF(COUNTIF(M44:M46,"Not Met")>0,COUNTIF(M44:M46,"Not Met")&" of "&K43&" need compliance: "&_xlfn.TEXTJOIN("; ",TRUE(),U44:U46),IF(COUNTIF(M44:M46,"Not Tested")>0,COUNTIF(M44:M46,"Not Tested")&" of "&COUNTA(A44:A46)&" not yet tested",IF(M43="N/A","","All compliant"))) | Q43: =IF(N43="",0,I43) | R43: =IF(N43="",0,I43*N43) | S43: =IF(OR(AND(H43="Yes",M43<>"Not Tested",N43<>"",N43<1),COUNTIFS(H44:H46,"Yes",M44:M46,"Not Met")+COUNTIFS(H44:H46,"Yes",M44:M46,"N/A")>0),1,0) | T43: Criterion | V43: =COUNTA(A44:A46)-COUNTIF(M44:M46,"Not Tested") | W43: =IF(AND(T43="Criterion",I43>0,M43<>"Not Tested",N43<>"",OR(N(N43)<1,S43=1)),A43,"")
A44: TS1-07.1 | B44: ↳ sub-item | C44: Chief complaint — Condition.code.text | D44: (part of TS1-07) | M44: Not Tested | O44: =IF(M44="Not Met","Needs compliance",IF(M44="Not Tested","Not yet tested","")) | T44: Sub | U44: =IF(M44="Not Met","("&1&") "&IF(H44="Yes","★ ","")&C44,"")
A45: TS1-07.2 | B45: ↳ sub-item | C45: Working impression — Condition.code (coded) | D45: (part of TS1-07) | H45: Yes | M45: Not Tested | O45: =IF(M45="Not Met","Needs compliance",IF(M45="Not Tested","Not yet tested","")) | T45: Sub | U45: =IF(M45="Not Met","("&2&") "&IF(H45="Yes","★ ","")&C45,"")
A46: TS1-07.3 | B46: ↳ sub-item | C46: Clinical history — Condition.note | D46: (part of TS1-07) | M46: Not Tested | O46: =IF(M46="Not Met","Needs compliance",IF(M46="Not Tested","Not yet tested","")) | T46: Sub | U46: =IF(M46="Not Met","("&3&") "&IF(H46="Yes","★ ","")&C46,"")
A47: TS1-08 | B47: Vital signs | C47: Vital signs are submitted correctly (LOINC code, category vital-signs, value with UCUM unit) | D47: Capture the fields below in the EMR and send them in the Observation (EReferral Observation) per the PHeReF / PH Core profile. Any create / update method is accepted (transaction Bundle recommended; conditional create / update allowed) — HTTP verbs are not prescribed. What is tested is that the values reach the SHR in the profiled resource and can be retrieved. FHIR elements: Observation.code (LOINC), Observation.category = vital-signs, Observation.value[x] with UCUM unit; blood pressure as panel 85354-9 with systolic (8480-6) and diastolic (8462-4) components. Source: SRC-07 (Terminology & Registry Sources — Reference Guide, Ch. 4) Purpose: Vital signs are machine-readable and comparable at the receiving facility. | E47: 1. Enter the Test Data values for this group (Test Data Section A) in the referring EMR and submit the referral. 2. Open the Observation in the server-side evidence and compare each sub-item with the Test Data value. 3. Record the resource ID / log reference in Notes. Mark each sub-item (↳) below; Achieved is counted automatically. ★ = critical sub-item: if it is Not Met (or N/A) the criterion counts as a critical failure. Server-side evidence — any ONE of: (a) Interoperability Layer transaction log (e.g., OpenHIM), (b) Inferno / official FHIR validator report, or (c) the raw FHIR request / response payload provided by the developer and captured during the session. | F47: Server-side evidence (IOL log, Inferno / validator report, or raw payload) + resource ID | G47: Validator + server-side check + Observer | H47: ★ subs | I47: 2 | J47: Count | K47: =COUNTA(A48:A53)-COUNTIF(M48:M53,"N/A") | L47: =COUNTIF(M48:M53,"Met") | M47: =IF(COUNTIF(M48:M53,"N/A")=COUNTA(A48:A53),"N/A",IF(COUNTIF(M48:M53,"Not Tested")>0,"Not Tested","Counted")) | N47: =IF(M47="N/A",IF(H47="Yes",0,""),IF(M47="Not Tested",0,IF(J47="Tier",IF(M47="Fully integrated",1,IF(M47="Standalone - manual encoding",0.5,0)),IF(J47="Binary",IF(M47="Met",1,0),IF(M47="Counted",IF(N(K47)>0,IF(J47="All-or-nothing",IF(N(L47)>=K47,1,0),MIN(N(L47)/K47,1)),0),0))))) | O47: =IF(COUNTIF(M48:M53,"Not Met")>0,COUNTIF(M48:M53,"Not Met")&" of "&K47&" need compliance: "&_xlfn.TEXTJOIN("; ",TRUE(),U48:U53),IF(COUNTIF(M48:M53,"Not Tested")>0,COUNTIF(M48:M53,"Not Tested")&" of "&COUNTA(A48:A53)&" not yet tested",IF(M47="N/A","","All compliant"))) | Q47: =IF(N47="",0,I47) | R47: =IF(N47="",0,I47*N47) | S47: =IF(OR(AND(H47="Yes",M47<>"Not Tested",N47<>"",N47<1),COUNTIFS(H48:H53,"Yes",M48:M53,"Not Met")+COUNTIFS(H48:H53,"Yes",M48:M53,"N/A")>0),1,0) | T47: Criterion | V47: =COUNTA(A48:A53)-COUNTIF(M48:M53,"Not Tested") | W47: =IF(AND(T47="Criterion",I47>0,M47<>"Not Tested",N47<>"",OR(N(N47)<1,S47=1)),A47,"")
A48: TS1-08.1 | B48: ↳ sub-item | C48: Blood pressure — panel with systolic and diastolic components | D48: (part of TS1-08) | H48: Yes | M48: Not Tested | O48: =IF(M48="Not Met","Needs compliance",IF(M48="Not Tested","Not yet tested","")) | T48: Sub | U48: =IF(M48="Not Met","("&1&") "&IF(H48="Yes","★ ","")&C48,"")
A49: TS1-08.2 | B49: ↳ sub-item | C49: Heart rate | D49: (part of TS1-08) | M49: Not Tested | O49: =IF(M49="Not Met","Needs compliance",IF(M49="Not Tested","Not yet tested","")) | T49: Sub | U49: =IF(M49="Not Met","("&2&") "&IF(H49="Yes","★ ","")&C49,"")
A50: TS1-08.3 | B50: ↳ sub-item | C50: Respiratory rate | D50: (part of TS1-08) | M50: Not Tested | O50: =IF(M50="Not Met","Needs compliance",IF(M50="Not Tested","Not yet tested","")) | T50: Sub | U50: =IF(M50="Not Met","("&3&") "&IF(H50="Yes","★ ","")&C50,"")
A51: TS1-08.4 | B51: ↳ sub-item | C51: Oxygen saturation | D51: (part of TS1-08) | M51: Not Tested | O51: =IF(M51="Not Met","Needs compliance",IF(M51="Not Tested","Not yet tested","")) | T51: Sub | U51: =IF(M51="Not Met","("&4&") "&IF(H51="Yes","★ ","")&C51,"")
A52: TS1-08.5 | B52: ↳ sub-item | C52: Body temperature | D52: (part of TS1-08) | M52: Not Tested | O52: =IF(M52="Not Met","Needs compliance",IF(M52="Not Tested","Not yet tested","")) | T52: Sub | U52: =IF(M52="Not Met","("&5&") "&IF(H52="Yes","★ ","")&C52,"")
A53: TS1-08.6 | B53: ↳ sub-item | C53: Body weight | D53: (part of TS1-08) | M53: Not Tested | O53: =IF(M53="Not Met","Needs compliance",IF(M53="Not Tested","Not yet tested","")) | T53: Sub | U53: =IF(M53="Not Met","("&6&") "&IF(H53="Yes","★ ","")&C53,"")
A54: TS1-09 | B54: Attachments | C54: Laboratory result attachment is submitted with the referral | D54: Send laboratory results as DiagnosticReport.presentedForm (Attachment with contentType and data or url). Any create / update method is accepted (transaction Bundle recommended; conditional create / update allowed) — HTTP verbs are not prescribed. What is tested is that the values reach the SHR in the profiled resource and can be retrieved. Purpose: Lab results travel with the patient. | E54: Attach the Test Data lab file and submit. Met if the server-side evidence shows a DiagnosticReport whose presentedForm carries the file with a contentType. Server-side evidence — any ONE of: (a) Interoperability Layer transaction log (e.g., OpenHIM), (b) Inferno / official FHIR validator report, or (c) the raw FHIR request / response payload provided by the developer and captured during the session. | F54: Server-side evidence (IOL log, Inferno / validator report, or raw payload) + resource ID | G54: Validator + server-side check + Observer | H54: No | I54: 1 | J54: Binary | M54: Not Tested | N54: =IF(M54="N/A",IF(H54="Yes",0,""),IF(M54="Not Tested",0,IF(J54="Tier",IF(M54="Fully integrated",1,IF(M54="Standalone - manual encoding",0.5,0)),IF(J54="Binary",IF(M54="Met",1,0),IF(M54="Counted",IF(N(K54)>0,IF(J54="All-or-nothing",IF(N(L54)>=K54,1,0),MIN(N(L54)/K54,1)),0),0))))) | O54: =IF(M54="Not Met","Needs compliance",IF(M54="Not Tested","Not yet tested","")) | Q54: =IF(N54="",0,I54) | R54: =IF(N54="",0,I54*N54) | S54: =IF(AND(H54="Yes",M54<>"Not Tested",N54<>"",N54<1),1,0) | T54: Criterion | W54: =IF(AND(T54="Criterion",I54>0,M54<>"Not Tested",N54<>"",OR(N(N54)<1,S54=1)),A54,"")
A55: TS1-10 | B55: Treatment | C55: Treatment given before referral is submitted correctly | D55: Send the treatment given as MedicationAdministration (EReferral MedicationAdministration) per the IG; Procedure (with note) is accepted as an equivalent for non-drug treatment or while the IG is in draft. Any create / update method is accepted (transaction Bundle recommended; conditional create / update allowed) — HTTP verbs are not prescribed. What is tested is that the values reach the SHR in the profiled resource and can be retrieved. Purpose: The receiving facility knows what was already given. | E55: Enter the Test Data value and submit. Met if the server-side evidence shows the treatment in a MedicationAdministration or Procedure linked to the patient / encounter. Server-side evidence — any ONE of: (a) Interoperability Layer transaction log (e.g., OpenHIM), (b) Inferno / official FHIR validator report, or (c) the raw FHIR request / response payload provided by the developer and captured during the session. | F55: Server-side evidence (IOL log, Inferno / validator report, or raw payload) + resource ID | G55: Validator + server-side check + Observer | H55: No | I55: 1 | J55: Binary | M55: Not Tested | N55: =IF(M55="N/A",IF(H55="Yes",0,""),IF(M55="Not Tested",0,IF(J55="Tier",IF(M55="Fully integrated",1,IF(M55="Standalone - manual encoding",0.5,0)),IF(J55="Binary",IF(M55="Met",1,0),IF(M55="Counted",IF(N(K55)>0,IF(J55="All-or-nothing",IF(N(L55)>=K55,1,0),MIN(N(L55)/K55,1)),0),0))))) | O55: =IF(M55="Not Met","Needs compliance",IF(M55="Not Tested","Not yet tested","")) | Q55: =IF(N55="",0,I55) | R55: =IF(N55="",0,I55*N55) | S55: =IF(AND(H55="Yes",M55<>"Not Tested",N55<>"",N55<1),1,0) | T55: Criterion | W55: =IF(AND(T55="Criterion",I55>0,M55<>"Not Tested",N55<>"",OR(N(N55)<1,S55=1)),A55,"")
A56: TS1-11 | B56: Signature | C56: Professional signature and its date / time are submitted | D56: Capture the fields below in the EMR and send them in the Provenance (EReferral Provenance) per the PHeReF / PH Core profile. Any create / update method is accepted (transaction Bundle recommended; conditional create / update allowed) — HTTP verbs are not prescribed. What is tested is that the values reach the SHR in the profiled resource and can be retrieved. FHIR elements: Provenance.signature; Provenance.recorded; Provenance.target → ServiceRequest. Purpose: The referral is attested by an accountable professional. | E56: 1. Enter the Test Data values for this group (Test Data Section A) in the referring EMR and submit the referral. 2. Open the Provenance in the server-side evidence and compare each sub-item with the Test Data value. 3. Record the resource ID / log reference in Notes. Mark each sub-item (↳) below; Achieved is counted automatically. ★ = critical sub-item: if it is Not Met (or N/A) the criterion counts as a critical failure. Server-side evidence — any ONE of: (a) Interoperability Layer transaction log (e.g., OpenHIM), (b) Inferno / official FHIR validator report, or (c) the raw FHIR request / response payload provided by the developer and captured during the session. | F56: Server-side evidence (IOL log, Inferno / validator report, or raw payload) + resource ID | G56: Validator + server-side check + Observer | H56: No | I56: 1 | J56: Count | K56: =COUNTA(A57:A58)-COUNTIF(M57:M58,"N/A") | L56: =COUNTIF(M57:M58,"Met") | M56: =IF(COUNTIF(M57:M58,"N/A")=COUNTA(A57:A58),"N/A",IF(COUNTIF(M57:M58,"Not Tested")>0,"Not Tested","Counted")) | N56: =IF(M56="N/A",IF(H56="Yes",0,""),IF(M56="Not Tested",0,IF(J56="Tier",IF(M56="Fully integrated",1,IF(M56="Standalone - manual encoding",0.5,0)),IF(J56="Binary",IF(M56="Met",1,0),IF(M56="Counted",IF(N(K56)>0,IF(J56="All-or-nothing",IF(N(L56)>=K56,1,0),MIN(N(L56)/K56,1)),0),0))))) | O56: =IF(COUNTIF(M57:M58,"Not Met")>0,COUNTIF(M57:M58,"Not Met")&" of "&K56&" need compliance: "&_xlfn.TEXTJOIN("; ",TRUE(),U57:U58),IF(COUNTIF(M57:M58,"Not Tested")>0,COUNTIF(M57:M58,"Not Tested")&" of "&COUNTA(A57:A58)&" not yet tested",IF(M56="N/A","","All compliant"))) | Q56: =IF(N56="",0,I56) | R56: =IF(N56="",0,I56*N56) | S56: =IF(OR(AND(H56="Yes",M56<>"Not Tested",N56<>"",N56<1),COUNTIFS(H57:H58,"Yes",M57:M58,"Not Met")+COUNTIFS(H57:H58,"Yes",M57:M58,"N/A")>0),1,0) | T56: Criterion | V56: =COUNTA(A57:A58)-COUNTIF(M57:M58,"Not Tested") | W56: =IF(AND(T56="Criterion",I56>0,M56<>"Not Tested",N56<>"",OR(N(N56)<1,S56=1)),A56,"")
A57: TS1-11.1 | B57: ↳ sub-item | C57: Professional signature — Provenance.signature | D57: (part of TS1-11) | M57: Not Tested | O57: =IF(M57="Not Met","Needs compliance",IF(M57="Not Tested","Not yet tested","")) | T57: Sub | U57: =IF(M57="Not Met","("&1&") "&IF(H57="Yes","★ ","")&C57,"")
A58: TS1-11.2 | B58: ↳ sub-item | C58: Date & time of signature — Provenance.recorded | D58: (part of TS1-11) | M58: Not Tested | O58: =IF(M58="Not Met","Needs compliance",IF(M58="Not Tested","Not yet tested","")) | T58: Sub | U58: =IF(M58="Not Met","("&2&") "&IF(H58="Yes","★ ","")&C58,"")
A59: TS1-12 | B59: Referral tracking | C59: Referral tracking task is created with status 'requested' and linked to the referral | D59: Capture the fields below in the EMR and send them in the Task (EReferral Task) per the PHeReF / PH Core profile. Any create / update method is accepted (transaction Bundle recommended; conditional create / update allowed) — HTTP verbs are not prescribed. What is tested is that the values reach the SHR in the profiled resource and can be retrieved. FHIR elements: Task.status = requested; Task.intent = order; Task.focus → ServiceRequest; Task.for → Patient; Task.requester → referring PractitionerRole; Task.owner → receiving facility (or its care navigator, when known); Task.authoredOn. Source: SRC-04 (Terminology & Registry Sources — Reference Guide, Ch. 4) Purpose: The referral can be tracked; the receiving facility updates this Task (TS2-11). | E59: 1. Enter the Test Data values for this group (Test Data Section A) in the referring EMR and submit the referral. 2. Open the Task in the server-side evidence and compare each sub-item with the Test Data value. 3. Record the resource ID / log reference in Notes. Mark each sub-item (↳) below; Achieved is counted automatically. ★ = critical sub-item: if it is Not Met (or N/A) the criterion counts as a critical failure. Server-side evidence — any ONE of: (a) Interoperability Layer transaction log (e.g., OpenHIM), (b) Inferno / official FHIR validator report, or (c) the raw FHIR request / response payload provided by the developer and captured during the session. | F59: Server-side evidence (IOL log, Inferno / validator report, or raw payload) + resource ID | G59: Validator + server-side check + Observer | H59: ★ subs | I59: 2 | J59: Count | K59: =COUNTA(A60:A63)-COUNTIF(M60:M63,"N/A") | L59: =COUNTIF(M60:M63,"Met") | M59: =IF(COUNTIF(M60:M63,"N/A")=COUNTA(A60:A63),"N/A",IF(COUNTIF(M60:M63,"Not Tested")>0,"Not Tested","Counted")) | N59: =IF(M59="N/A",IF(H59="Yes",0,""),IF(M59="Not Tested",0,IF(J59="Tier",IF(M59="Fully integrated",1,IF(M59="Standalone - manual encoding",0.5,0)),IF(J59="Binary",IF(M59="Met",1,0),IF(M59="Counted",IF(N(K59)>0,IF(J59="All-or-nothing",IF(N(L59)>=K59,1,0),MIN(N(L59)/K59,1)),0),0))))) | O59: =IF(COUNTIF(M60:M63,"Not Met")>0,COUNTIF(M60:M63,"Not Met")&" of "&K59&" need compliance: "&_xlfn.TEXTJOIN("; ",TRUE(),U60:U63),IF(COUNTIF(M60:M63,"Not Tested")>0,COUNTIF(M60:M63,"Not Tested")&" of "&COUNTA(A60:A63)&" not yet tested",IF(M59="N/A","","All compliant"))) | Q59: =IF(N59="",0,I59) | R59: =IF(N59="",0,I59*N59) | S59: =IF(OR(AND(H59="Yes",M59<>"Not Tested",N59<>"",N59<1),COUNTIFS(H60:H63,"Yes",M60:M63,"Not Met")+COUNTIFS(H60:H63,"Yes",M60:M63,"N/A")>0),1,0) | T59: Criterion | V59: =COUNTA(A60:A63)-COUNTIF(M60:M63,"Not Tested") | W59: =IF(AND(T59="Criterion",I59>0,M59<>"Not Tested",N59<>"",OR(N(N59)<1,S59=1)),A59,"")
A60: TS1-12.1 | B60: ↳ sub-item | C60: Status = requested at submission — Task.status | D60: (part of TS1-12) | H60: Yes | M60: Not Tested | O60: =IF(M60="Not Met","Needs compliance",IF(M60="Not Tested","Not yet tested","")) | T60: Sub | U60: =IF(M60="Not Met","("&1&") "&IF(H60="Yes","★ ","")&C60,"")
A61: TS1-12.2 | B61: ↳ sub-item | C61: Linked to the referral — Task.focus → ServiceRequest | D61: (part of TS1-12) | H61: Yes | M61: Not Tested | O61: =IF(M61="Not Met","Needs compliance",IF(M61="Not Tested","Not yet tested","")) | T61: Sub | U61: =IF(M61="Not Met","("&2&") "&IF(H61="Yes","★ ","")&C61,"")
A62: TS1-12.3 | B62: ↳ sub-item | C62: Requester = referring practitioner; owner = receiving facility — Task.requester / Task.owner | D62: (part of TS1-12) | M62: Not Tested | O62: =IF(M62="Not Met","Needs compliance",IF(M62="Not Tested","Not yet tested","")) | T62: Sub | U62: =IF(M62="Not Met","("&3&") "&IF(H62="Yes","★ ","")&C62,"")
A63: TS1-12.4 | B63: ↳ sub-item | C63: Date / time sent — Task.authoredOn | D63: (part of TS1-12) | M63: Not Tested | O63: =IF(M63="Not Met","Needs compliance",IF(M63="Not Tested","Not yet tested","")) | T63: Sub | U63: =IF(M63="Not Met","("&4&") "&IF(H63="Yes","★ ","")&C63,"")
A64: TS1-13 | B64: Encounter | C64: The referral is linked to the encounter at the referring facility | D64: Send the referring-facility encounter as an Encounter (ERefEncounter) and reference it from ServiceRequest.encounter. Any create / update method is accepted (transaction Bundle recommended; conditional create / update allowed) — HTTP verbs are not prescribed. What is tested is that the values reach the SHR in the profiled resource and can be retrieved. Purpose: Places the referral in the context of the visit where it was made. | E64: Met if the server-side evidence shows an Encounter for the test patient, referenced by ServiceRequest.encounter. Server-side evidence — any ONE of: (a) Interoperability Layer transaction log (e.g., OpenHIM), (b) Inferno / official FHIR validator report, or (c) the raw FHIR request / response payload provided by the developer and captured during the session. | F64: Server-side evidence (IOL log, Inferno / validator report, or raw payload) + resource ID | G64: Validator + server-side check + Observer | H64: No | I64: 1 | J64: Binary | M64: Not Tested | N64: =IF(M64="N/A",IF(H64="Yes",0,""),IF(M64="Not Tested",0,IF(J64="Tier",IF(M64="Fully integrated",1,IF(M64="Standalone - manual encoding",0.5,0)),IF(J64="Binary",IF(M64="Met",1,0),IF(M64="Counted",IF(N(K64)>0,IF(J64="All-or-nothing",IF(N(L64)>=K64,1,0),MIN(N(L64)/K64,1)),0),0))))) | O64: =IF(M64="Not Met","Needs compliance",IF(M64="Not Tested","Not yet tested","")) | Q64: =IF(N64="",0,I64) | R64: =IF(N64="",0,I64*N64) | S64: =IF(AND(H64="Yes",M64<>"Not Tested",N64<>"",N64<1),1,0) | T64: Criterion | W64: =IF(AND(T64="Criterion",I64>0,M64<>"Not Tested",N64<>"",OR(N(N64)<1,S64=1)),A64,"")
A65: TS1-14 | B65: Time called (info) | C65: Time Called — record whether the EMR captures it (for information) | D65: Capture the field in the EMR. Not scored until the TDG defines its FHIR element (IG v0.1 defines none). | E65: Record only whether the field exists in the EMR and where it is sent, if anywhere (for information). | F65: Screenshot (optional) | G65: Validator | H65: No | I65: 0 | J65: Binary | M65: Not Tested | N65: =IF(M65="N/A",IF(H65="Yes",0,""),IF(M65="Not Tested",0,IF(J65="Tier",IF(M65="Fully integrated",1,IF(M65="Standalone - manual encoding",0.5,0)),IF(J65="Binary",IF(M65="Met",1,0),IF(M65="Counted",IF(N(K65)>0,IF(J65="All-or-nothing",IF(N(L65)>=K65,1,0),MIN(N(L65)/K65,1)),0),0))))) | O65: =IF(M65="Not Met","Needs compliance",IF(M65="Not Tested","Not yet tested","")) | Q65: =IF(N65="",0,I65) | R65: =IF(N65="",0,I65*N65) | S65: =IF(AND(H65="Yes",M65<>"Not Tested",N65<>"",N65<1),1,0) | T65: Criterion | W65: =IF(AND(T65="Criterion",I65>0,M65<>"Not Tested",N65<>"",OR(N(N65)<1,S65=1)),A65,"")
A66: TS1-15 | B66: Transport (info) | C66: Mode of transportation (e.g., ambulance, private vehicle) — record whether the EMR captures it (for information) | D66: Capture the field in the EMR. Not scored until the TDG defines its FHIR mapping. | E66: Record only whether the field exists in the EMR (for information). | F66: Screenshot (optional) | G66: Validator | H66: No | I66: 0 | J66: Binary | M66: Not Tested | N66: =IF(M66="N/A",IF(H66="Yes",0,""),IF(M66="Not Tested",0,IF(J66="Tier",IF(M66="Fully integrated",1,IF(M66="Standalone - manual encoding",0.5,0)),IF(J66="Binary",IF(M66="Met",1,0),IF(M66="Counted",IF(N(K66)>0,IF(J66="All-or-nothing",IF(N(L66)>=K66,1,0),MIN(N(L66)/K66,1)),0),0))))) | O66: =IF(M66="Not Met","Needs compliance",IF(M66="Not Tested","Not yet tested","")) | Q66: =IF(N66="",0,I66) | R66: =IF(N66="",0,I66*N66) | S66: =IF(AND(H66="Yes",M66<>"Not Tested",N66<>"",N66<1),1,0) | T66: Criterion | W66: =IF(AND(T66="Criterion",I66>0,M66<>"Not Tested",N66<>"",OR(N(N66)<1,S66=1)),A66,"")
A67: TS1-16 | B67: Patient matching | C67: Submitting a referral for an existing patient reuses the existing Patient record — no duplicate patient is created (moved from L4-08; Connectathon Issue #8) | D67: Match the patient on the SHR by the PH Core PhilSys / PhilHealth identifiers (validated in TS0-07) before creating one — e.g., conditional update 'PUT Patient?identifier=…' as in the IG example transaction (ExampleERefSubmissionBundle), or search then reuse. The matching method is the vendor's choice. Purpose: One patient = one record across the network; duplicates split the clinical history. | E67: Submit 3 referrals for the same test patient (Test Data Section A identifiers). Validator (server-side) searches Patient by identifier and counts the referrals linked to the single existing Patient. Mark each sub-item (↳) below; Achieved is counted automatically. ★ = critical sub-item: if it is Not Met (or N/A) the criterion counts as a critical failure. Server-side evidence — any ONE of: (a) Interoperability Layer transaction log (e.g., OpenHIM), (b) Inferno / official FHIR validator report, or (c) the raw FHIR request / response payload provided by the developer and captured during the session. | F67: SHR Patient search result + server-side evidence | G67: Validator (server-side check) | H67: Yes | I67: 2 | J67: Count | K67: =COUNTA(A68:A70)-COUNTIF(M68:M70,"N/A") | L67: =COUNTIF(M68:M70,"Met") | M67: =IF(COUNTIF(M68:M70,"N/A")=COUNTA(A68:A70),"N/A",IF(COUNTIF(M68:M70,"Not Tested")>0,"Not Tested","Counted")) | N67: =IF(M67="N/A",IF(H67="Yes",0,""),IF(M67="Not Tested",0,IF(J67="Tier",IF(M67="Fully integrated",1,IF(M67="Standalone - manual encoding",0.5,0)),IF(J67="Binary",IF(M67="Met",1,0),IF(M67="Counted",IF(N(K67)>0,IF(J67="All-or-nothing",IF(N(L67)>=K67,1,0),MIN(N(L67)/K67,1)),0),0))))) | O67: =IF(COUNTIF(M68:M70,"Not Met")>0,COUNTIF(M68:M70,"Not Met")&" of "&K67&" need compliance: "&_xlfn.TEXTJOIN("; ",TRUE(),U68:U70),IF(COUNTIF(M68:M70,"Not Tested")>0,COUNTIF(M68:M70,"Not Tested")&" of "&COUNTA(A68:A70)&" not yet tested",IF(M67="N/A","","All compliant"))) | Q67: =IF(N67="",0,I67) | R67: =IF(N67="",0,I67*N67) | S67: =IF(OR(AND(H67="Yes",M67<>"Not Tested",N67<>"",N67<1),COUNTIFS(H68:H70,"Yes",M68:M70,"Not Met")+COUNTIFS(H68:H70,"Yes",M68:M70,"N/A")>0),1,0) | T67: Criterion | V67: =COUNTA(A68:A70)-COUNTIF(M68:M70,"Not Tested") | W67: =IF(AND(T67="Criterion",I67>0,M67<>"Not Tested",N67<>"",OR(N(N67)<1,S67=1)),A67,"")
A68: TS1-16.1 | B68: ↳ sub-item | C68: Test referral #1 linked to the single existing Patient | D68: (part of TS1-16) | H68: Yes | M68: Not Tested | O68: =IF(M68="Not Met","Needs compliance",IF(M68="Not Tested","Not yet tested","")) | T68: Sub | U68: =IF(M68="Not Met","("&1&") "&IF(H68="Yes","★ ","")&C68,"")
A69: TS1-16.2 | B69: ↳ sub-item | C69: Test referral #2 linked to the single existing Patient | D69: (part of TS1-16) | H69: Yes | M69: Not Tested | O69: =IF(M69="Not Met","Needs compliance",IF(M69="Not Tested","Not yet tested","")) | T69: Sub | U69: =IF(M69="Not Met","("&2&") "&IF(H69="Yes","★ ","")&C69,"")
A70: TS1-16.3 | B70: ↳ sub-item | C70: Test referral #3 linked to the single existing Patient | D70: (part of TS1-16) | H70: Yes | M70: Not Tested | O70: =IF(M70="Not Met","Needs compliance",IF(M70="Not Tested","Not yet tested","")) | T70: Sub | U70: =IF(M70="Not Met","("&3&") "&IF(H70="Yes","★ ","")&C70,"")
A71: TS1-T.01 | B71: Transaction | C71: The complete referral is accepted by the SHR (no error response) | D71: Send the complete referral to the SHR — as one FHIR transaction Bundle (recommended) or by the interactions declared in L1-03 — and handle success and error responses. Purpose: The whole referral arrives in one piece. | E71: Submit the Test Data referral; Met if the server-side evidence shows a success response (HTTP 200 / 201) for every resource of the referral. Server-side evidence — any ONE of: (a) Interoperability Layer transaction log (e.g., OpenHIM), (b) Inferno / official FHIR validator report, or (c) the raw FHIR request / response payload provided by the developer and captured during the session. | F71: Server response with status code (IOL log or raw payload) | G71: Validator (server-side check) | H71: Yes | I71: 2 | J71: Binary | M71: Not Tested | N71: =IF(M71="N/A",IF(H71="Yes",0,""),IF(M71="Not Tested",0,IF(J71="Tier",IF(M71="Fully integrated",1,IF(M71="Standalone - manual encoding",0.5,0)),IF(J71="Binary",IF(M71="Met",1,0),IF(M71="Counted",IF(N(K71)>0,IF(J71="All-or-nothing",IF(N(L71)>=K71,1,0),MIN(N(L71)/K71,1)),0),0))))) | O71: =IF(M71="Not Met","Needs compliance",IF(M71="Not Tested","Not yet tested","")) | Q71: =IF(N71="",0,I71) | R71: =IF(N71="",0,I71*N71) | S71: =IF(AND(H71="Yes",M71<>"Not Tested",N71<>"",N71<1),1,0) | T71: Criterion | W71: =IF(AND(T71="Criterion",I71>0,M71<>"Not Tested",N71<>"",OR(N(N71)<1,S71=1)),A71,"")
A72: TS1-T.02 | B72: Transaction | C72: The submitted referral passes validation against the PHeReF / PH Core profiles with 0 errors | D72: Validate outgoing resources against the PHeReF / PH Core profiles (e.g., $validate, the HL7 validator or Inferno) during development until 0 errors. Purpose: The data follows the national standard, not just the vendor's format. | E72: Run $validate / the official validator / Inferno on the submitted referral (or accept the developer's validator report produced on the same payload during the session). Met only if 0 errors. | F72: Validator report showing 0 errors | G72: Validator (server-side check) | H72: Yes | I72: 2 | J72: Binary | M72: Not Tested | N72: =IF(M72="N/A",IF(H72="Yes",0,""),IF(M72="Not Tested",0,IF(J72="Tier",IF(M72="Fully integrated",1,IF(M72="Standalone - manual encoding",0.5,0)),IF(J72="Binary",IF(M72="Met",1,0),IF(M72="Counted",IF(N(K72)>0,IF(J72="All-or-nothing",IF(N(L72)>=K72,1,0),MIN(N(L72)/K72,1)),0),0))))) | O72: =IF(M72="Not Met","Needs compliance",IF(M72="Not Tested","Not yet tested","")) | Q72: =IF(N72="",0,I72) | R72: =IF(N72="",0,I72*N72) | S72: =IF(AND(H72="Yes",M72<>"Not Tested",N72<>"",N72<1),1,0) | T72: Criterion | W72: =IF(AND(T72="Criterion",I72>0,M72<>"Not Tested",N72<>"",OR(N(N72)<1,S72=1)),A72,"")
A73: TS1-T.03 | B73: Transaction | C73: Each resource declares its PH Core / PHeReF profile (meta.profile) (Connectathon Issue #25) | D73: Populate meta.profile of each resource with the canonical URL of its PH Core / PHeReF profile. Purpose: Lets the server check the data against the correct rules. | E73: Count the resource types in the submitted referral that declare the correct profile. Mark each sub-item (↳) below; Achieved is counted automatically. ★ = critical sub-item: if it is Not Met (or N/A) the criterion counts as a critical failure. | F73: Bundle excerpt / raw payload | G73: Validator (server-side check) | H73: No | I73: 1 | J73: Count | K73: =COUNTA(A74:A86)-COUNTIF(M74:M86,"N/A") | L73: =COUNTIF(M74:M86,"Met") | M73: =IF(COUNTIF(M74:M86,"N/A")=COUNTA(A74:A86),"N/A",IF(COUNTIF(M74:M86,"Not Tested")>0,"Not Tested","Counted")) | N73: =IF(M73="N/A",IF(H73="Yes",0,""),IF(M73="Not Tested",0,IF(J73="Tier",IF(M73="Fully integrated",1,IF(M73="Standalone - manual encoding",0.5,0)),IF(J73="Binary",IF(M73="Met",1,0),IF(M73="Counted",IF(N(K73)>0,IF(J73="All-or-nothing",IF(N(L73)>=K73,1,0),MIN(N(L73)/K73,1)),0),0))))) | O73: =IF(COUNTIF(M74:M86,"Not Met")>0,COUNTIF(M74:M86,"Not Met")&" of "&K73&" need compliance: "&_xlfn.TEXTJOIN("; ",TRUE(),U74:U86),IF(COUNTIF(M74:M86,"Not Tested")>0,COUNTIF(M74:M86,"Not Tested")&" of "&COUNTA(A74:A86)&" not yet tested",IF(M73="N/A","","All compliant"))) | Q73: =IF(N73="",0,I73) | R73: =IF(N73="",0,I73*N73) | S73: =IF(OR(AND(H73="Yes",M73<>"Not Tested",N73<>"",N73<1),COUNTIFS(H74:H86,"Yes",M74:M86,"Not Met")+COUNTIFS(H74:H86,"Yes",M74:M86,"N/A")>0),1,0) | T73: Criterion | V73: =COUNTA(A74:A86)-COUNTIF(M74:M86,"Not Tested") | W73: =IF(AND(T73="Criterion",I73>0,M73<>"Not Tested",N73<>"",OR(N(N73)<1,S73=1)),A73,"")
A74: TS1-T.03.1 | B74: ↳ sub-item | C74: Organization declares its PH Core / PHeReF profile | D74: (part of TS1-T.03) | M74: Not Tested | O74: =IF(M74="Not Met","Needs compliance",IF(M74="Not Tested","Not yet tested","")) | T74: Sub | U74: =IF(M74="Not Met","("&1&") "&IF(H74="Yes","★ ","")&C74,"")
A75: TS1-T.03.2 | B75: ↳ sub-item | C75: Practitioner declares its PH Core / PHeReF profile | D75: (part of TS1-T.03) | M75: Not Tested | O75: =IF(M75="Not Met","Needs compliance",IF(M75="Not Tested","Not yet tested","")) | T75: Sub | U75: =IF(M75="Not Met","("&2&") "&IF(H75="Yes","★ ","")&C75,"")
A76: TS1-T.03.3 | B76: ↳ sub-item | C76: PractitionerRole declares its PH Core / PHeReF profile | D76: (part of TS1-T.03) | M76: Not Tested | O76: =IF(M76="Not Met","Needs compliance",IF(M76="Not Tested","Not yet tested","")) | T76: Sub | U76: =IF(M76="Not Met","("&3&") "&IF(H76="Yes","★ ","")&C76,"")
A77: TS1-T.03.4 | B77: ↳ sub-item | C77: Patient declares its PH Core / PHeReF profile | D77: (part of TS1-T.03) | M77: Not Tested | O77: =IF(M77="Not Met","Needs compliance",IF(M77="Not Tested","Not yet tested","")) | T77: Sub | U77: =IF(M77="Not Met","("&4&") "&IF(H77="Yes","★ ","")&C77,"")
A78: TS1-T.03.5 | B78: ↳ sub-item | C78: RelatedPerson (N/A if Patient.contact is used) declares its PH Core / PHeReF profile | D78: (part of TS1-T.03) | M78: Not Tested | O78: =IF(M78="Not Met","Needs compliance",IF(M78="Not Tested","Not yet tested","")) | T78: Sub | U78: =IF(M78="Not Met","("&5&") "&IF(H78="Yes","★ ","")&C78,"")
A79: TS1-T.03.6 | B79: ↳ sub-item | C79: ServiceRequest declares its PH Core / PHeReF profile | D79: (part of TS1-T.03) | M79: Not Tested | O79: =IF(M79="Not Met","Needs compliance",IF(M79="Not Tested","Not yet tested","")) | T79: Sub | U79: =IF(M79="Not Met","("&6&") "&IF(H79="Yes","★ ","")&C79,"")
A80: TS1-T.03.7 | B80: ↳ sub-item | C80: Task declares its PH Core / PHeReF profile | D80: (part of TS1-T.03) | M80: Not Tested | O80: =IF(M80="Not Met","Needs compliance",IF(M80="Not Tested","Not yet tested","")) | T80: Sub | U80: =IF(M80="Not Met","("&7&") "&IF(H80="Yes","★ ","")&C80,"")
A81: TS1-T.03.8 | B81: ↳ sub-item | C81: Condition declares its PH Core / PHeReF profile | D81: (part of TS1-T.03) | M81: Not Tested | O81: =IF(M81="Not Met","Needs compliance",IF(M81="Not Tested","Not yet tested","")) | T81: Sub | U81: =IF(M81="Not Met","("&8&") "&IF(H81="Yes","★ ","")&C81,"")
A82: TS1-T.03.9 | B82: ↳ sub-item | C82: Observation declares its PH Core / PHeReF profile | D82: (part of TS1-T.03) | M82: Not Tested | O82: =IF(M82="Not Met","Needs compliance",IF(M82="Not Tested","Not yet tested","")) | T82: Sub | U82: =IF(M82="Not Met","("&9&") "&IF(H82="Yes","★ ","")&C82,"")
A83: TS1-T.03.10 | B83: ↳ sub-item | C83: DiagnosticReport declares its PH Core / PHeReF profile | D83: (part of TS1-T.03) | M83: Not Tested | O83: =IF(M83="Not Met","Needs compliance",IF(M83="Not Tested","Not yet tested","")) | T83: Sub | U83: =IF(M83="Not Met","("&10&") "&IF(H83="Yes","★ ","")&C83,"")
A84: TS1-T.03.11 | B84: ↳ sub-item | C84: MedicationAdministration or Procedure declares its PH Core / PHeReF profile | D84: (part of TS1-T.03) | M84: Not Tested | O84: =IF(M84="Not Met","Needs compliance",IF(M84="Not Tested","Not yet tested","")) | T84: Sub | U84: =IF(M84="Not Met","("&11&") "&IF(H84="Yes","★ ","")&C84,"")
A85: TS1-T.03.12 | B85: ↳ sub-item | C85: Provenance declares its PH Core / PHeReF profile | D85: (part of TS1-T.03) | M85: Not Tested | O85: =IF(M85="Not Met","Needs compliance",IF(M85="Not Tested","Not yet tested","")) | T85: Sub | U85: =IF(M85="Not Met","("&12&") "&IF(H85="Yes","★ ","")&C85,"")
A86: TS1-T.03.13 | B86: ↳ sub-item | C86: Encounter declares its PH Core / PHeReF profile | D86: (part of TS1-T.03) | M86: Not Tested | O86: =IF(M86="Not Met","Needs compliance",IF(M86="Not Tested","Not yet tested","")) | T86: Sub | U86: =IF(M86="Not Met","("&13&") "&IF(H86="Yes","★ ","")&C86,"")
A87: TS1-T.04 | B87: Transaction | C87: Onward referral: when the receiving facility refers the patient onward, the chain is kept and the prior referral is closed | D87: On onward referral: set the Task outcome to referred-onward, create a new ServiceRequest that references the previous one (ServiceRequest.replaces, per IG) and update the previous ServiceRequest status. Purpose: Prevents a patient from appearing as referred to two places at once. | E87: Perform one onward referral; Met if the server-side evidence shows (1) Task = referred-onward, (2) the new ServiceRequest references the earlier one, and (3) the earlier ServiceRequest status changed. Server-side evidence — any ONE of: (a) Interoperability Layer transaction log (e.g., OpenHIM), (b) Inferno / official FHIR validator report, or (c) the raw FHIR request / response payload provided by the developer and captured during the session. | F87: Server-side evidence for both ServiceRequests | G87: Validator (server-side check) | H87: No | I87: 1 | J87: Binary | M87: Not Tested | N87: =IF(M87="N/A",IF(H87="Yes",0,""),IF(M87="Not Tested",0,IF(J87="Tier",IF(M87="Fully integrated",1,IF(M87="Standalone - manual encoding",0.5,0)),IF(J87="Binary",IF(M87="Met",1,0),IF(M87="Counted",IF(N(K87)>0,IF(J87="All-or-nothing",IF(N(L87)>=K87,1,0),MIN(N(L87)/K87,1)),0),0))))) | O87: =IF(M87="Not Met","Needs compliance",IF(M87="Not Tested","Not yet tested","")) | Q87: =IF(N87="",0,I87) | R87: =IF(N87="",0,I87*N87) | S87: =IF(AND(H87="Yes",M87<>"Not Tested",N87<>"",N87<1),1,0) | T87: Criterion | W87: =IF(AND(T87="Criterion",I87>0,M87<>"Not Tested",N87<>"",OR(N(N87)<1,S87=1)),A87,"")

Sheet L2-C TS2-Retrieval
A1: Level 2C — TS2 eReferral Retrieval and Status Update by Receiving Facility
A2: The receiving facility retrieves the referral from the SHR, displays it, and updates the referral status. Compare every value with the Test Data sheet and confirm with server-side evidence (IOL log, Inferno / validator report, or raw payload). Fields are grouped by screen area / FHIR resource. ★ marks critical sub-items. Screen layout is the vendor's choice.
C4: Level / section score | D4: =IF(SUM(Q10:Q300)=0,0,SUM(R10:R300)/SUM(Q10:Q300)) | E4: Items not yet tested | F4: =COUNTIFS(M10:M300,"Not Tested",T10:T300,"Criterion") | G4: Count criteria: mark each sub-item (rows marked ↳). Required, Achieved, Result and Outstanding are calculated automatically.
C5: Pass threshold (set on Summary) | D5: =Summary!D12 | E5: Items marked N/A | F5: =COUNTIFS(M10:M300,"N/A",T10:T300,"Criterion")
C6: Critical criteria not met (tested items) | D6: =SUM(S10:S300) | E6: Sheet status | F6: =IF(F4>0,"INCOMPLETE",IF(AND(D6=0,D4>=D5),"PASSED","NOT PASSED"))
C7: Evaluation progress (items evaluated) | D7: =IF(F7=0,0,(F7-F4)/F7) | E7: Total items | F7: =COUNTIF(T10:T300,"Criterion")
A9: Ref ID | B9: Section | C9: Criterion (what is checked) | D9: Developer's Guide (what the vendor must prepare / implement) | E9: Validator's Guide (how the Validators verify) | F9: Evidence required | G9: Validation role | H9: Critical? | I9: Weight | J9: Scoring type | K9: Required (n) | L9: Achieved (n) | M9: Result | N9: Score % | O9: Outstanding (auto) | P9: Evidence ref. / Notes | Q9: Applicable wt | R9: Earned wt | S9: Critical fail | T9: Row type | U9: Sub not met | V9: Sub tested | W9: Needs compliance (ID)
A10: TS2-01 | B10: Retrieval | C10: The receiving facility finds new referrals addressed to it without typing a referral / resource ID | D10: Search / subscribe for referrals addressed to the facility (e.g., by Task.owner or ServiceRequest.performer = the facility's NHFR-identified Organization). Polling, subscription or IOL notification is the vendor's choice. Purpose: Referrals are not missed and staff do not need IDs passed by phone. | E10: Submit the Test Data referral; Met if it appears in the receiving facility's incoming list without typing an ID. Server-side evidence — any ONE of: (a) Interoperability Layer transaction log (e.g., OpenHIM), (b) Inferno / official FHIR validator report, or (c) the raw FHIR request / response payload provided by the developer and captured during the session. | F10: Screenshot of incoming list + server-side evidence | G10: Validator + server-side check + Observer | H10: Yes | I10: 2 | J10: Binary | M10: Not Tested | N10: =IF(M10="N/A",IF(H10="Yes",0,""),IF(M10="Not Tested",0,IF(J10="Tier",IF(M10="Fully integrated",1,IF(M10="Standalone - manual encoding",0.5,0)),IF(J10="Binary",IF(M10="Met",1,0),IF(M10="Counted",IF(N(K10)>0,IF(J10="All-or-nothing",IF(N(L10)>=K10,1,0),MIN(N(L10)/K10,1)),0),0))))) | O10: =IF(M10="Not Met","Needs compliance",IF(M10="Not Tested","Not yet tested","")) | Q10: =IF(N10="",0,I10) | R10: =IF(N10="",0,I10*N10) | S10: =IF(AND(H10="Yes",M10<>"Not Tested",N10<>"",N10<1),1,0) | T10: Criterion | W10: =IF(AND(T10="Criterion",I10>0,M10<>"Not Tested",N10<>"",OR(N(N10)<1,S10=1)),A10,"")
A11: TS2-02 | B11: Facilities | C11: Referring and receiving facility details are retrieved and displayed correctly | D11: Read the Organization resources from the SHR and display it in the receiving view exactly as sent — no re-typing. Screen layout and labels are the vendor's choice; the value and its meaning must match. Purpose: The receiving clinician knows where the patient comes from and that the referral is meant for them. | E11: 1. Open the received Test Data referral in the receiving EMR. 2. Compare each sub-item on screen with the Test Data value (write what is seen in Test Data column D). 3. Confirm with the server-side evidence that the value was read from the SHR, not typed in. Mark each sub-item (↳) below; Achieved is counted automatically. ★ = critical sub-item: if it is Not Met (or N/A) the criterion counts as a critical failure. Server-side evidence — any ONE of: (a) Interoperability Layer transaction log (e.g., OpenHIM), (b) Inferno / official FHIR validator report, or (c) the raw FHIR request / response payload provided by the developer and captured during the session. | F11: Screenshot of receiving EMR + server-side evidence / resource ID | G11: Validator + server-side check + Observer | H11: ★ subs | I11: 2 | J11: Count | K11: =COUNTA(A12:A18)-COUNTIF(M12:M18,"N/A") | L11: =COUNTIF(M12:M18,"Met") | M11: =IF(COUNTIF(M12:M18,"N/A")=COUNTA(A12:A18),"N/A",IF(COUNTIF(M12:M18,"Not Tested")>0,"Not Tested","Counted")) | N11: =IF(M11="N/A",IF(H11="Yes",0,""),IF(M11="Not Tested",0,IF(J11="Tier",IF(M11="Fully integrated",1,IF(M11="Standalone - manual encoding",0.5,0)),IF(J11="Binary",IF(M11="Met",1,0),IF(M11="Counted",IF(N(K11)>0,IF(J11="All-or-nothing",IF(N(L11)>=K11,1,0),MIN(N(L11)/K11,1)),0),0))))) | O11: =IF(COUNTIF(M12:M18,"Not Met")>0,COUNTIF(M12:M18,"Not Met")&" of "&K11&" need compliance: "&_xlfn.TEXTJOIN("; ",TRUE(),U12:U18),IF(COUNTIF(M12:M18,"Not Tested")>0,COUNTIF(M12:M18,"Not Tested")&" of "&COUNTA(A12:A18)&" not yet tested",IF(M11="N/A","","All compliant"))) | Q11: =IF(N11="",0,I11) | R11: =IF(N11="",0,I11*N11) | S11: =IF(OR(AND(H11="Yes",M11<>"Not Tested",N11<>"",N11<1),COUNTIFS(H12:H18,"Yes",M12:M18,"Not Met")+COUNTIFS(H12:H18,"Yes",M12:M18,"N/A")>0),1,0) | T11: Criterion | V11: =COUNTA(A12:A18)-COUNTIF(M12:M18,"Not Tested") | W11: =IF(AND(T11="Criterion",I11>0,M11<>"Not Tested",N11<>"",OR(N(N11)<1,S11=1)),A11,"")
A12: TS2-02.1 | B12: ↳ sub-item | C12: HCPN name | D12: (part of TS2-02) | M12: Not Tested | O12: =IF(M12="Not Met","Needs compliance",IF(M12="Not Tested","Not yet tested","")) | T12: Sub | U12: =IF(M12="Not Met","("&1&") "&IF(H12="Yes","★ ","")&C12,"")
A13: TS2-02.2 | B13: ↳ sub-item | C13: Initiating facility name | D13: (part of TS2-02) | M13: Not Tested | O13: =IF(M13="Not Met","Needs compliance",IF(M13="Not Tested","Not yet tested","")) | T13: Sub | U13: =IF(M13="Not Met","("&2&") "&IF(H13="Yes","★ ","")&C13,"")
A14: TS2-02.3 | B14: ↳ sub-item | C14: Initiating facility NHFR code | D14: (part of TS2-02) | H14: Yes | M14: Not Tested | O14: =IF(M14="Not Met","Needs compliance",IF(M14="Not Tested","Not yet tested","")) | T14: Sub | U14: =IF(M14="Not Met","("&3&") "&IF(H14="Yes","★ ","")&C14,"")
A15: TS2-02.4 | B15: ↳ sub-item | C15: Initiating facility address | D15: (part of TS2-02) | M15: Not Tested | O15: =IF(M15="Not Met","Needs compliance",IF(M15="Not Tested","Not yet tested","")) | T15: Sub | U15: =IF(M15="Not Met","("&4&") "&IF(H15="Yes","★ ","")&C15,"")
A16: TS2-02.5 | B16: ↳ sub-item | C16: Initiating facility contact number | D16: (part of TS2-02) | M16: Not Tested | O16: =IF(M16="Not Met","Needs compliance",IF(M16="Not Tested","Not yet tested","")) | T16: Sub | U16: =IF(M16="Not Met","("&5&") "&IF(H16="Yes","★ ","")&C16,"")
A17: TS2-02.6 | B17: ↳ sub-item | C17: Receiving facility name | D17: (part of TS2-02) | M17: Not Tested | O17: =IF(M17="Not Met","Needs compliance",IF(M17="Not Tested","Not yet tested","")) | T17: Sub | U17: =IF(M17="Not Met","("&6&") "&IF(H17="Yes","★ ","")&C17,"")
A18: TS2-02.7 | B18: ↳ sub-item | C18: Receiving facility NHFR code | D18: (part of TS2-02) | H18: Yes | M18: Not Tested | O18: =IF(M18="Not Met","Needs compliance",IF(M18="Not Tested","Not yet tested","")) | T18: Sub | U18: =IF(M18="Not Met","("&7&") "&IF(H18="Yes","★ ","")&C18,"")
A19: TS2-03 | B19: Referring practitioner | C19: Referring practitioner (and care navigator, if assigned) is retrieved and displayed correctly | D19: Read the referring PractitionerRole / Practitioner (ServiceRequest.requester) from the SHR and display it in the receiving view exactly as sent — no re-typing. Screen layout and labels are the vendor's choice; the value and its meaning must match. Purpose: The receiving facility knows whom to call back. | E19: 1. Open the received Test Data referral in the receiving EMR. 2. Compare each sub-item on screen with the Test Data value (write what is seen in Test Data column D). 3. Confirm with the server-side evidence that the value was read from the SHR, not typed in. Mark each sub-item (↳) below; Achieved is counted automatically. ★ = critical sub-item: if it is Not Met (or N/A) the criterion counts as a critical failure. Server-side evidence — any ONE of: (a) Interoperability Layer transaction log (e.g., OpenHIM), (b) Inferno / official FHIR validator report, or (c) the raw FHIR request / response payload provided by the developer and captured during the session. | F19: Screenshot of receiving EMR + server-side evidence / resource ID | G19: Validator + server-side check + Observer | H19: ★ subs | I19: 2 | J19: Count | K19: =COUNTA(A20:A22)-COUNTIF(M20:M22,"N/A") | L19: =COUNTIF(M20:M22,"Met") | M19: =IF(COUNTIF(M20:M22,"N/A")=COUNTA(A20:A22),"N/A",IF(COUNTIF(M20:M22,"Not Tested")>0,"Not Tested","Counted")) | N19: =IF(M19="N/A",IF(H19="Yes",0,""),IF(M19="Not Tested",0,IF(J19="Tier",IF(M19="Fully integrated",1,IF(M19="Standalone - manual encoding",0.5,0)),IF(J19="Binary",IF(M19="Met",1,0),IF(M19="Counted",IF(N(K19)>0,IF(J19="All-or-nothing",IF(N(L19)>=K19,1,0),MIN(N(L19)/K19,1)),0),0))))) | O19: =IF(COUNTIF(M20:M22,"Not Met")>0,COUNTIF(M20:M22,"Not Met")&" of "&K19&" need compliance: "&_xlfn.TEXTJOIN("; ",TRUE(),U20:U22),IF(COUNTIF(M20:M22,"Not Tested")>0,COUNTIF(M20:M22,"Not Tested")&" of "&COUNTA(A20:A22)&" not yet tested",IF(M19="N/A","","All compliant"))) | Q19: =IF(N19="",0,I19) | R19: =IF(N19="",0,I19*N19) | S19: =IF(OR(AND(H19="Yes",M19<>"Not Tested",N19<>"",N19<1),COUNTIFS(H20:H22,"Yes",M20:M22,"Not Met")+COUNTIFS(H20:H22,"Yes",M20:M22,"N/A")>0),1,0) | T19: Criterion | V19: =COUNTA(A20:A22)-COUNTIF(M20:M22,"Not Tested") | W19: =IF(AND(T19="Criterion",I19>0,M19<>"Not Tested",N19<>"",OR(N(N19)<1,S19=1)),A19,"")
A20: TS2-03.1 | B20: ↳ sub-item | C20: Name of referring practitioner | D20: (part of TS2-03) | M20: Not Tested | O20: =IF(M20="Not Met","Needs compliance",IF(M20="Not Tested","Not yet tested","")) | T20: Sub | U20: =IF(M20="Not Met","("&1&") "&IF(H20="Yes","★ ","")&C20,"")
A21: TS2-03.2 | B21: ↳ sub-item | C21: Practitioner role | D21: (part of TS2-03) | H21: Yes | M21: Not Tested | O21: =IF(M21="Not Met","Needs compliance",IF(M21="Not Tested","Not yet tested","")) | T21: Sub | U21: =IF(M21="Not Met","("&2&") "&IF(H21="Yes","★ ","")&C21,"")
A22: TS2-03.3 | B22: ↳ sub-item | C22: Care navigator at the referring facility (N/A if none was sent) | D22: (part of TS2-03) | M22: Not Tested | O22: =IF(M22="Not Met","Needs compliance",IF(M22="Not Tested","Not yet tested","")) | T22: Sub | U22: =IF(M22="Not Met","("&3&") "&IF(H22="Yes","★ ","")&C22,"")
A23: TS2-04 | B23: Patient | C23: Patient demographics and identifiers are retrieved and displayed correctly | D23: Read the Patient (and RelatedPerson / Patient.contact) from the SHR and display it in the receiving view exactly as sent — no re-typing. Screen layout and labels are the vendor's choice; the value and its meaning must match. Purpose: The patient is identified unambiguously at the receiving facility. | E23: 1. Open the received Test Data referral in the receiving EMR. 2. Compare each sub-item on screen with the Test Data value (write what is seen in Test Data column D). 3. Confirm with the server-side evidence that the value was read from the SHR, not typed in. Mark each sub-item (↳) below; Achieved is counted automatically. ★ = critical sub-item: if it is Not Met (or N/A) the criterion counts as a critical failure. Server-side evidence — any ONE of: (a) Interoperability Layer transaction log (e.g., OpenHIM), (b) Inferno / official FHIR validator report, or (c) the raw FHIR request / response payload provided by the developer and captured during the session. | F23: Screenshot of receiving EMR + server-side evidence / resource ID | G23: Validator + server-side check + Observer | H23: ★ subs | I23: 2 | J23: Count | K23: =COUNTA(A24:A34)-COUNTIF(M24:M34,"N/A") | L23: =COUNTIF(M24:M34,"Met") | M23: =IF(COUNTIF(M24:M34,"N/A")=COUNTA(A24:A34),"N/A",IF(COUNTIF(M24:M34,"Not Tested")>0,"Not Tested","Counted")) | N23: =IF(M23="N/A",IF(H23="Yes",0,""),IF(M23="Not Tested",0,IF(J23="Tier",IF(M23="Fully integrated",1,IF(M23="Standalone - manual encoding",0.5,0)),IF(J23="Binary",IF(M23="Met",1,0),IF(M23="Counted",IF(N(K23)>0,IF(J23="All-or-nothing",IF(N(L23)>=K23,1,0),MIN(N(L23)/K23,1)),0),0))))) | O23: =IF(COUNTIF(M24:M34,"Not Met")>0,COUNTIF(M24:M34,"Not Met")&" of "&K23&" need compliance: "&_xlfn.TEXTJOIN("; ",TRUE(),U24:U34),IF(COUNTIF(M24:M34,"Not Tested")>0,COUNTIF(M24:M34,"Not Tested")&" of "&COUNTA(A24:A34)&" not yet tested",IF(M23="N/A","","All compliant"))) | Q23: =IF(N23="",0,I23) | R23: =IF(N23="",0,I23*N23) | S23: =IF(OR(AND(H23="Yes",M23<>"Not Tested",N23<>"",N23<1),COUNTIFS(H24:H34,"Yes",M24:M34,"Not Met")+COUNTIFS(H24:H34,"Yes",M24:M34,"N/A")>0),1,0) | T23: Criterion | V23: =COUNTA(A24:A34)-COUNTIF(M24:M34,"Not Tested") | W23: =IF(AND(T23="Criterion",I23>0,M23<>"Not Tested",N23<>"",OR(N(N23)<1,S23=1)),A23,"")
A24: TS2-04.1 | B24: ↳ sub-item | C24: Full name | D24: (part of TS2-04) | M24: Not Tested | O24: =IF(M24="Not Met","Needs compliance",IF(M24="Not Tested","Not yet tested","")) | T24: Sub | U24: =IF(M24="Not Met","("&1&") "&IF(H24="Yes","★ ","")&C24,"")
A25: TS2-04.2 | B25: ↳ sub-item | C25: PhilSys number | D25: (part of TS2-04) | H25: Yes | M25: Not Tested | O25: =IF(M25="Not Met","Needs compliance",IF(M25="Not Tested","Not yet tested","")) | T25: Sub | U25: =IF(M25="Not Met","("&2&") "&IF(H25="Yes","★ ","")&C25,"")
A26: TS2-04.3 | B26: ↳ sub-item | C26: PhilHealth ID | D26: (part of TS2-04) | H26: Yes | M26: Not Tested | O26: =IF(M26="Not Met","Needs compliance",IF(M26="Not Tested","Not yet tested","")) | T26: Sub | U26: =IF(M26="Not Met","("&3&") "&IF(H26="Yes","★ ","")&C26,"")
A27: TS2-04.4 | B27: ↳ sub-item | C27: Birth date | D27: (part of TS2-04) | M27: Not Tested | O27: =IF(M27="Not Met","Needs compliance",IF(M27="Not Tested","Not yet tested","")) | T27: Sub | U27: =IF(M27="Not Met","("&4&") "&IF(H27="Yes","★ ","")&C27,"")
A28: TS2-04.5 | B28: ↳ sub-item | C28: Age — computed correctly from the birth date on the day of testing (display check) | D28: (part of TS2-04) | M28: Not Tested | O28: =IF(M28="Not Met","Needs compliance",IF(M28="Not Tested","Not yet tested","")) | T28: Sub | U28: =IF(M28="Not Met","("&5&") "&IF(H28="Yes","★ ","")&C28,"")
A29: TS2-04.6 | B29: ↳ sub-item | C29: Sex | D29: (part of TS2-04) | H29: Yes | M29: Not Tested | O29: =IF(M29="Not Met","Needs compliance",IF(M29="Not Tested","Not yet tested","")) | T29: Sub | U29: =IF(M29="Not Met","("&6&") "&IF(H29="Yes","★ ","")&C29,"")
A30: TS2-04.7 | B30: ↳ sub-item | C30: Civil status | D30: (part of TS2-04) | M30: Not Tested | O30: =IF(M30="Not Met","Needs compliance",IF(M30="Not Tested","Not yet tested","")) | T30: Sub | U30: =IF(M30="Not Met","("&7&") "&IF(H30="Yes","★ ","")&C30,"")
A31: TS2-04.8 | B31: ↳ sub-item | C31: Address | D31: (part of TS2-04) | M31: Not Tested | O31: =IF(M31="Not Met","Needs compliance",IF(M31="Not Tested","Not yet tested","")) | T31: Sub | U31: =IF(M31="Not Met","("&8&") "&IF(H31="Yes","★ ","")&C31,"")
A32: TS2-04.9 | B32: ↳ sub-item | C32: Contact number | D32: (part of TS2-04) | M32: Not Tested | O32: =IF(M32="Not Met","Needs compliance",IF(M32="Not Tested","Not yet tested","")) | T32: Sub | U32: =IF(M32="Not Met","("&9&") "&IF(H32="Yes","★ ","")&C32,"")
A33: TS2-04.10 | B33: ↳ sub-item | C33: PWD registration (N/A if none was sent) | D33: (part of TS2-04) | M33: Not Tested | O33: =IF(M33="Not Met","Needs compliance",IF(M33="Not Tested","Not yet tested","")) | T33: Sub | U33: =IF(M33="Not Met","("&10&") "&IF(H33="Yes","★ ","")&C33,"")
A34: TS2-04.11 | B34: ↳ sub-item | C34: Accompanied by / next of kin | D34: (part of TS2-04) | M34: Not Tested | O34: =IF(M34="Not Met","Needs compliance",IF(M34="Not Tested","Not yet tested","")) | T34: Sub | U34: =IF(M34="Not Met","("&11&") "&IF(H34="Yes","★ ","")&C34,"")
A35: TS2-05 | B35: Referral request | C35: Referral request details are retrieved and displayed correctly | D35: Read the ServiceRequest from the SHR and display it in the receiving view exactly as sent — no re-typing. Screen layout and labels are the vendor's choice; the value and its meaning must match. Purpose: The receiving facility sees what is requested, how urgent it is and why. | E35: 1. Open the received Test Data referral in the receiving EMR. 2. Compare each sub-item on screen with the Test Data value (write what is seen in Test Data column D). 3. Confirm with the server-side evidence that the value was read from the SHR, not typed in. Mark each sub-item (↳) below; Achieved is counted automatically. ★ = critical sub-item: if it is Not Met (or N/A) the criterion counts as a critical failure. Server-side evidence — any ONE of: (a) Interoperability Layer transaction log (e.g., OpenHIM), (b) Inferno / official FHIR validator report, or (c) the raw FHIR request / response payload provided by the developer and captured during the session. | F35: Screenshot of receiving EMR + server-side evidence / resource ID | G35: Validator + server-side check + Observer | H35: ★ subs | I35: 2 | J35: Count | K35: =COUNTA(A36:A39)-COUNTIF(M36:M39,"N/A") | L35: =COUNTIF(M36:M39,"Met") | M35: =IF(COUNTIF(M36:M39,"N/A")=COUNTA(A36:A39),"N/A",IF(COUNTIF(M36:M39,"Not Tested")>0,"Not Tested","Counted")) | N35: =IF(M35="N/A",IF(H35="Yes",0,""),IF(M35="Not Tested",0,IF(J35="Tier",IF(M35="Fully integrated",1,IF(M35="Standalone - manual encoding",0.5,0)),IF(J35="Binary",IF(M35="Met",1,0),IF(M35="Counted",IF(N(K35)>0,IF(J35="All-or-nothing",IF(N(L35)>=K35,1,0),MIN(N(L35)/K35,1)),0),0))))) | O35: =IF(COUNTIF(M36:M39,"Not Met")>0,COUNTIF(M36:M39,"Not Met")&" of "&K35&" need compliance: "&_xlfn.TEXTJOIN("; ",TRUE(),U36:U39),IF(COUNTIF(M36:M39,"Not Tested")>0,COUNTIF(M36:M39,"Not Tested")&" of "&COUNTA(A36:A39)&" not yet tested",IF(M35="N/A","","All compliant"))) | Q35: =IF(N35="",0,I35) | R35: =IF(N35="",0,I35*N35) | S35: =IF(OR(AND(H35="Yes",M35<>"Not Tested",N35<>"",N35<1),COUNTIFS(H36:H39,"Yes",M36:M39,"Not Met")+COUNTIFS(H36:H39,"Yes",M36:M39,"N/A")>0),1,0) | T35: Criterion | V35: =COUNTA(A36:A39)-COUNTIF(M36:M39,"Not Tested") | W35: =IF(AND(T35="Criterion",I35>0,M35<>"Not Tested",N35<>"",OR(N(N35)<1,S35=1)),A35,"")
A36: TS2-05.1 | B36: ↳ sub-item | C36: Date of referral | D36: (part of TS2-05) | M36: Not Tested | O36: =IF(M36="Not Met","Needs compliance",IF(M36="Not Tested","Not yet tested","")) | T36: Sub | U36: =IF(M36="Not Met","("&1&") "&IF(H36="Yes","★ ","")&C36,"")
A37: TS2-05.2 | B37: ↳ sub-item | C37: Referral category | D37: (part of TS2-05) | H37: Yes | M37: Not Tested | O37: =IF(M37="Not Met","Needs compliance",IF(M37="Not Tested","Not yet tested","")) | T37: Sub | U37: =IF(M37="Not Met","("&2&") "&IF(H37="Yes","★ ","")&C37,"")
A38: TS2-05.3 | B38: ↳ sub-item | C38: Priority | D38: (part of TS2-05) | H38: Yes | M38: Not Tested | O38: =IF(M38="Not Met","Needs compliance",IF(M38="Not Tested","Not yet tested","")) | T38: Sub | U38: =IF(M38="Not Met","("&3&") "&IF(H38="Yes","★ ","")&C38,"")
A39: TS2-05.4 | B39: ↳ sub-item | C39: Reason for referral | D39: (part of TS2-05) | H39: Yes | M39: Not Tested | O39: =IF(M39="Not Met","Needs compliance",IF(M39="Not Tested","Not yet tested","")) | T39: Sub | U39: =IF(M39="Not Met","("&4&") "&IF(H39="Yes","★ ","")&C39,"")
A40: TS2-06 | B40: Clinical findings | C40: Clinical findings are retrieved and displayed correctly | D40: Read the Condition and Encounter resources from the SHR and display it in the receiving view exactly as sent — no re-typing. Screen layout and labels are the vendor's choice; the value and its meaning must match. Purpose: The receiving clinician understands the clinical picture before the patient arrives. | E40: 1. Open the received Test Data referral in the receiving EMR. 2. Compare each sub-item on screen with the Test Data value (write what is seen in Test Data column D). 3. Confirm with the server-side evidence that the value was read from the SHR, not typed in. Mark each sub-item (↳) below; Achieved is counted automatically. ★ = critical sub-item: if it is Not Met (or N/A) the criterion counts as a critical failure. Server-side evidence — any ONE of: (a) Interoperability Layer transaction log (e.g., OpenHIM), (b) Inferno / official FHIR validator report, or (c) the raw FHIR request / response payload provided by the developer and captured during the session. | F40: Screenshot of receiving EMR + server-side evidence / resource ID | G40: Validator + server-side check + Observer | H40: ★ subs | I40: 2 | J40: Count | K40: =COUNTA(A41:A44)-COUNTIF(M41:M44,"N/A") | L40: =COUNTIF(M41:M44,"Met") | M40: =IF(COUNTIF(M41:M44,"N/A")=COUNTA(A41:A44),"N/A",IF(COUNTIF(M41:M44,"Not Tested")>0,"Not Tested","Counted")) | N40: =IF(M40="N/A",IF(H40="Yes",0,""),IF(M40="Not Tested",0,IF(J40="Tier",IF(M40="Fully integrated",1,IF(M40="Standalone - manual encoding",0.5,0)),IF(J40="Binary",IF(M40="Met",1,0),IF(M40="Counted",IF(N(K40)>0,IF(J40="All-or-nothing",IF(N(L40)>=K40,1,0),MIN(N(L40)/K40,1)),0),0))))) | O40: =IF(COUNTIF(M41:M44,"Not Met")>0,COUNTIF(M41:M44,"Not Met")&" of "&K40&" need compliance: "&_xlfn.TEXTJOIN("; ",TRUE(),U41:U44),IF(COUNTIF(M41:M44,"Not Tested")>0,COUNTIF(M41:M44,"Not Tested")&" of "&COUNTA(A41:A44)&" not yet tested",IF(M40="N/A","","All compliant"))) | Q40: =IF(N40="",0,I40) | R40: =IF(N40="",0,I40*N40) | S40: =IF(OR(AND(H40="Yes",M40<>"Not Tested",N40<>"",N40<1),COUNTIFS(H41:H44,"Yes",M41:M44,"Not Met")+COUNTIFS(H41:H44,"Yes",M41:M44,"N/A")>0),1,0) | T40: Criterion | V40: =COUNTA(A41:A44)-COUNTIF(M41:M44,"Not Tested") | W40: =IF(AND(T40="Criterion",I40>0,M40<>"Not Tested",N40<>"",OR(N(N40)<1,S40=1)),A40,"")
A41: TS2-06.1 | B41: ↳ sub-item | C41: Chief complaint | D41: (part of TS2-06) | M41: Not Tested | O41: =IF(M41="Not Met","Needs compliance",IF(M41="Not Tested","Not yet tested","")) | T41: Sub | U41: =IF(M41="Not Met","("&1&") "&IF(H41="Yes","★ ","")&C41,"")
A42: TS2-06.2 | B42: ↳ sub-item | C42: Working impression | D42: (part of TS2-06) | H42: Yes | M42: Not Tested | O42: =IF(M42="Not Met","Needs compliance",IF(M42="Not Tested","Not yet tested","")) | T42: Sub | U42: =IF(M42="Not Met","("&2&") "&IF(H42="Yes","★ ","")&C42,"")
A43: TS2-06.3 | B43: ↳ sub-item | C43: Clinical history | D43: (part of TS2-06) | M43: Not Tested | O43: =IF(M43="Not Met","Needs compliance",IF(M43="Not Tested","Not yet tested","")) | T43: Sub | U43: =IF(M43="Not Met","("&3&") "&IF(H43="Yes","★ ","")&C43,"")
A44: TS2-06.4 | B44: ↳ sub-item | C44: Referring encounter context (date / type of visit) | D44: (part of TS2-06) | M44: Not Tested | O44: =IF(M44="Not Met","Needs compliance",IF(M44="Not Tested","Not yet tested","")) | T44: Sub | U44: =IF(M44="Not Met","("&4&") "&IF(H44="Yes","★ ","")&C44,"")
A45: TS2-07 | B45: Vital signs | C45: Vital signs are retrieved and displayed correctly (value and unit) | D45: Read the Observation resources from the SHR and display it in the receiving view exactly as sent — no re-typing. Screen layout and labels are the vendor's choice; the value and its meaning must match. Purpose: Vital signs are shown exactly as measured. | E45: 1. Open the received Test Data referral in the receiving EMR. 2. Compare each sub-item on screen with the Test Data value (write what is seen in Test Data column D). 3. Confirm with the server-side evidence that the value was read from the SHR, not typed in. Mark each sub-item (↳) below; Achieved is counted automatically. ★ = critical sub-item: if it is Not Met (or N/A) the criterion counts as a critical failure. Server-side evidence — any ONE of: (a) Interoperability Layer transaction log (e.g., OpenHIM), (b) Inferno / official FHIR validator report, or (c) the raw FHIR request / response payload provided by the developer and captured during the session. | F45: Screenshot of receiving EMR + server-side evidence / resource ID | G45: Validator + server-side check + Observer | H45: ★ subs | I45: 2 | J45: Count | K45: =COUNTA(A46:A51)-COUNTIF(M46:M51,"N/A") | L45: =COUNTIF(M46:M51,"Met") | M45: =IF(COUNTIF(M46:M51,"N/A")=COUNTA(A46:A51),"N/A",IF(COUNTIF(M46:M51,"Not Tested")>0,"Not Tested","Counted")) | N45: =IF(M45="N/A",IF(H45="Yes",0,""),IF(M45="Not Tested",0,IF(J45="Tier",IF(M45="Fully integrated",1,IF(M45="Standalone - manual encoding",0.5,0)),IF(J45="Binary",IF(M45="Met",1,0),IF(M45="Counted",IF(N(K45)>0,IF(J45="All-or-nothing",IF(N(L45)>=K45,1,0),MIN(N(L45)/K45,1)),0),0))))) | O45: =IF(COUNTIF(M46:M51,"Not Met")>0,COUNTIF(M46:M51,"Not Met")&" of "&K45&" need compliance: "&_xlfn.TEXTJOIN("; ",TRUE(),U46:U51),IF(COUNTIF(M46:M51,"Not Tested")>0,COUNTIF(M46:M51,"Not Tested")&" of "&COUNTA(A46:A51)&" not yet tested",IF(M45="N/A","","All compliant"))) | Q45: =IF(N45="",0,I45) | R45: =IF(N45="",0,I45*N45) | S45: =IF(OR(AND(H45="Yes",M45<>"Not Tested",N45<>"",N45<1),COUNTIFS(H46:H51,"Yes",M46:M51,"Not Met")+COUNTIFS(H46:H51,"Yes",M46:M51,"N/A")>0),1,0) | T45: Criterion | V45: =COUNTA(A46:A51)-COUNTIF(M46:M51,"Not Tested") | W45: =IF(AND(T45="Criterion",I45>0,M45<>"Not Tested",N45<>"",OR(N(N45)<1,S45=1)),A45,"")
A46: TS2-07.1 | B46: ↳ sub-item | C46: Blood pressure (systolic / diastolic) | D46: (part of TS2-07) | H46: Yes | M46: Not Tested | O46: =IF(M46="Not Met","Needs compliance",IF(M46="Not Tested","Not yet tested","")) | T46: Sub | U46: =IF(M46="Not Met","("&1&") "&IF(H46="Yes","★ ","")&C46,"")
A47: TS2-07.2 | B47: ↳ sub-item | C47: Heart rate | D47: (part of TS2-07) | M47: Not Tested | O47: =IF(M47="Not Met","Needs compliance",IF(M47="Not Tested","Not yet tested","")) | T47: Sub | U47: =IF(M47="Not Met","("&2&") "&IF(H47="Yes","★ ","")&C47,"")
A48: TS2-07.3 | B48: ↳ sub-item | C48: Respiratory rate | D48: (part of TS2-07) | M48: Not Tested | O48: =IF(M48="Not Met","Needs compliance",IF(M48="Not Tested","Not yet tested","")) | T48: Sub | U48: =IF(M48="Not Met","("&3&") "&IF(H48="Yes","★ ","")&C48,"")
A49: TS2-07.4 | B49: ↳ sub-item | C49: Oxygen saturation | D49: (part of TS2-07) | M49: Not Tested | O49: =IF(M49="Not Met","Needs compliance",IF(M49="Not Tested","Not yet tested","")) | T49: Sub | U49: =IF(M49="Not Met","("&4&") "&IF(H49="Yes","★ ","")&C49,"")
A50: TS2-07.5 | B50: ↳ sub-item | C50: Body temperature | D50: (part of TS2-07) | M50: Not Tested | O50: =IF(M50="Not Met","Needs compliance",IF(M50="Not Tested","Not yet tested","")) | T50: Sub | U50: =IF(M50="Not Met","("&5&") "&IF(H50="Yes","★ ","")&C50,"")
A51: TS2-07.6 | B51: ↳ sub-item | C51: Body weight | D51: (part of TS2-07) | M51: Not Tested | O51: =IF(M51="Not Met","Needs compliance",IF(M51="Not Tested","Not yet tested","")) | T51: Sub | U51: =IF(M51="Not Met","("&6&") "&IF(H51="Yes","★ ","")&C51,"")
A52: TS2-08 | B52: Attachments | C52: Laboratory result attachment is received and listed with the referral | D52: Retrieve DiagnosticReport.presentedForm and list the attachment with the referral. (Opening and viewing the file is tested in L4-05.) Purpose: Staff know a lab result came with the patient. | E52: Met if the attachment sent in TS1-09 is listed with the received referral. Server-side evidence — any ONE of: (a) Interoperability Layer transaction log (e.g., OpenHIM), (b) Inferno / official FHIR validator report, or (c) the raw FHIR request / response payload provided by the developer and captured during the session. | F52: Screenshot + server-side evidence | G52: Validator + server-side check + Observer | H52: No | I52: 1 | J52: Binary | M52: Not Tested | N52: =IF(M52="N/A",IF(H52="Yes",0,""),IF(M52="Not Tested",0,IF(J52="Tier",IF(M52="Fully integrated",1,IF(M52="Standalone - manual encoding",0.5,0)),IF(J52="Binary",IF(M52="Met",1,0),IF(M52="Counted",IF(N(K52)>0,IF(J52="All-or-nothing",IF(N(L52)>=K52,1,0),MIN(N(L52)/K52,1)),0),0))))) | O52: =IF(M52="Not Met","Needs compliance",IF(M52="Not Tested","Not yet tested","")) | Q52: =IF(N52="",0,I52) | R52: =IF(N52="",0,I52*N52) | S52: =IF(AND(H52="Yes",M52<>"Not Tested",N52<>"",N52<1),1,0) | T52: Criterion | W52: =IF(AND(T52="Criterion",I52>0,M52<>"Not Tested",N52<>"",OR(N(N52)<1,S52=1)),A52,"")
A53: TS2-09 | B53: Treatment & signature | C53: Treatment given and the professional signature are retrieved and displayed correctly | D53: Read the MedicationAdministration / Procedure and Provenance resources from the SHR and display it in the receiving view exactly as sent — no re-typing. Screen layout and labels are the vendor's choice; the value and its meaning must match. Purpose: The receiving facility knows what was given and who attested the referral. | E53: 1. Open the received Test Data referral in the receiving EMR. 2. Compare each sub-item on screen with the Test Data value (write what is seen in Test Data column D). 3. Confirm with the server-side evidence that the value was read from the SHR, not typed in. Mark each sub-item (↳) below; Achieved is counted automatically. ★ = critical sub-item: if it is Not Met (or N/A) the criterion counts as a critical failure. Server-side evidence — any ONE of: (a) Interoperability Layer transaction log (e.g., OpenHIM), (b) Inferno / official FHIR validator report, or (c) the raw FHIR request / response payload provided by the developer and captured during the session. | F53: Screenshot of receiving EMR + server-side evidence / resource ID | G53: Validator + server-side check + Observer | H53: No | I53: 1 | J53: Count | K53: =COUNTA(A54:A56)-COUNTIF(M54:M56,"N/A") | L53: =COUNTIF(M54:M56,"Met") | M53: =IF(COUNTIF(M54:M56,"N/A")=COUNTA(A54:A56),"N/A",IF(COUNTIF(M54:M56,"Not Tested")>0,"Not Tested","Counted")) | N53: =IF(M53="N/A",IF(H53="Yes",0,""),IF(M53="Not Tested",0,IF(J53="Tier",IF(M53="Fully integrated",1,IF(M53="Standalone - manual encoding",0.5,0)),IF(J53="Binary",IF(M53="Met",1,0),IF(M53="Counted",IF(N(K53)>0,IF(J53="All-or-nothing",IF(N(L53)>=K53,1,0),MIN(N(L53)/K53,1)),0),0))))) | O53: =IF(COUNTIF(M54:M56,"Not Met")>0,COUNTIF(M54:M56,"Not Met")&" of "&K53&" need compliance: "&_xlfn.TEXTJOIN("; ",TRUE(),U54:U56),IF(COUNTIF(M54:M56,"Not Tested")>0,COUNTIF(M54:M56,"Not Tested")&" of "&COUNTA(A54:A56)&" not yet tested",IF(M53="N/A","","All compliant"))) | Q53: =IF(N53="",0,I53) | R53: =IF(N53="",0,I53*N53) | S53: =IF(OR(AND(H53="Yes",M53<>"Not Tested",N53<>"",N53<1),COUNTIFS(H54:H56,"Yes",M54:M56,"Not Met")+COUNTIFS(H54:H56,"Yes",M54:M56,"N/A")>0),1,0) | T53: Criterion | V53: =COUNTA(A54:A56)-COUNTIF(M54:M56,"Not Tested") | W53: =IF(AND(T53="Criterion",I53>0,M53<>"Not Tested",N53<>"",OR(N(N53)<1,S53=1)),A53,"")
A54: TS2-09.1 | B54: ↳ sub-item | C54: Treatment given | D54: (part of TS2-09) | M54: Not Tested | O54: =IF(M54="Not Met","Needs compliance",IF(M54="Not Tested","Not yet tested","")) | T54: Sub | U54: =IF(M54="Not Met","("&1&") "&IF(H54="Yes","★ ","")&C54,"")
A55: TS2-09.2 | B55: ↳ sub-item | C55: Professional signature | D55: (part of TS2-09) | M55: Not Tested | O55: =IF(M55="Not Met","Needs compliance",IF(M55="Not Tested","Not yet tested","")) | T55: Sub | U55: =IF(M55="Not Met","("&2&") "&IF(H55="Yes","★ ","")&C55,"")
A56: TS2-09.3 | B56: ↳ sub-item | C56: Date & time of signature | D56: (part of TS2-09) | M56: Not Tested | O56: =IF(M56="Not Met","Needs compliance",IF(M56="Not Tested","Not yet tested","")) | T56: Sub | U56: =IF(M56="Not Met","("&3&") "&IF(H56="Yes","★ ","")&C56,"")
A57: TS2-10 | B57: Receiving practitioner | C57: Receiving practitioner / care navigator is assigned and kept separate from the referring practitioner | D57: Read the receiving PractitionerRole referenced by Task.owner (and ServiceRequest.performer) from the SHR and display it in the receiving view exactly as sent — no re-typing. Screen layout and labels are the vendor's choice; the value and its meaning must match. Purpose: Referring and receiving practitioners share the same resource types; the system must keep them as different people (intended behaviour). | E57: 1. Open the received Test Data referral in the receiving EMR. 2. Compare each sub-item on screen with the Test Data value (write what is seen in Test Data column D). 3. Confirm with the server-side evidence that the value was read from the SHR, not typed in. 4. Assign the receiving practitioner / care navigator in the receiving EMR; confirm Task.owner on the SHR and that both practitioners appear separately on screen. Mark each sub-item (↳) below; Achieved is counted automatically. ★ = critical sub-item: if it is Not Met (or N/A) the criterion counts as a critical failure. Server-side evidence — any ONE of: (a) Interoperability Layer transaction log (e.g., OpenHIM), (b) Inferno / official FHIR validator report, or (c) the raw FHIR request / response payload provided by the developer and captured during the session. | F57: Screenshot of receiving EMR + server-side evidence / resource ID | G57: Validator + server-side check + Observer | H57: ★ subs | I57: 2 | J57: Count | K57: =COUNTA(A58:A61)-COUNTIF(M58:M61,"N/A") | L57: =COUNTIF(M58:M61,"Met") | M57: =IF(COUNTIF(M58:M61,"N/A")=COUNTA(A58:A61),"N/A",IF(COUNTIF(M58:M61,"Not Tested")>0,"Not Tested","Counted")) | N57: =IF(M57="N/A",IF(H57="Yes",0,""),IF(M57="Not Tested",0,IF(J57="Tier",IF(M57="Fully integrated",1,IF(M57="Standalone - manual encoding",0.5,0)),IF(J57="Binary",IF(M57="Met",1,0),IF(M57="Counted",IF(N(K57)>0,IF(J57="All-or-nothing",IF(N(L57)>=K57,1,0),MIN(N(L57)/K57,1)),0),0))))) | O57: =IF(COUNTIF(M58:M61,"Not Met")>0,COUNTIF(M58:M61,"Not Met")&" of "&K57&" need compliance: "&_xlfn.TEXTJOIN("; ",TRUE(),U58:U61),IF(COUNTIF(M58:M61,"Not Tested")>0,COUNTIF(M58:M61,"Not Tested")&" of "&COUNTA(A58:A61)&" not yet tested",IF(M57="N/A","","All compliant"))) | Q57: =IF(N57="",0,I57) | R57: =IF(N57="",0,I57*N57) | S57: =IF(OR(AND(H57="Yes",M57<>"Not Tested",N57<>"",N57<1),COUNTIFS(H58:H61,"Yes",M58:M61,"Not Met")+COUNTIFS(H58:H61,"Yes",M58:M61,"N/A")>0),1,0) | T57: Criterion | V57: =COUNTA(A58:A61)-COUNTIF(M58:M61,"Not Tested") | W57: =IF(AND(T57="Criterion",I57>0,M57<>"Not Tested",N57<>"",OR(N(N57)<1,S57=1)),A57,"")
A58: TS2-10.1 | B58: ↳ sub-item | C58: Name of receiving practitioner | D58: (part of TS2-10) | M58: Not Tested | O58: =IF(M58="Not Met","Needs compliance",IF(M58="Not Tested","Not yet tested","")) | T58: Sub | U58: =IF(M58="Not Met","("&1&") "&IF(H58="Yes","★ ","")&C58,"")
A59: TS2-10.2 | B59: ↳ sub-item | C59: Care navigator at the receiving facility — Task.owner (N/A if the facility does not assign one) | D59: (part of TS2-10) | M59: Not Tested | O59: =IF(M59="Not Met","Needs compliance",IF(M59="Not Tested","Not yet tested","")) | T59: Sub | U59: =IF(M59="Not Met","("&2&") "&IF(H59="Yes","★ ","")&C59,"")
A60: TS2-10.3 | B60: ↳ sub-item | C60: Practitioner role (receiving) | D60: (part of TS2-10) | H60: Yes | M60: Not Tested | O60: =IF(M60="Not Met","Needs compliance",IF(M60="Not Tested","Not yet tested","")) | T60: Sub | U60: =IF(M60="Not Met","("&3&") "&IF(H60="Yes","★ ","")&C60,"")
A61: TS2-10.4 | B61: ↳ sub-item | C61: Referring and receiving practitioners are stored and displayed as separate people — not merged or overwritten | D61: (part of TS2-10) | H61: Yes | M61: Not Tested | O61: =IF(M61="Not Met","Needs compliance",IF(M61="Not Tested","Not yet tested","")) | T61: Sub | U61: =IF(M61="Not Met","("&4&") "&IF(H61="Yes","★ ","")&C61,"")
A62: TS2-11 | B62: Referral status | C62: Receiving facility response updates the referral Task on the SHR (received → accepted / rejected → completed) | D62: Update the Task on the SHR when the receiving facility acts: received, then accepted or rejected (with reason in Task.statusReason), then completed (Task.executionPeriod.end). Receiving responses follow the eReferral Receiving Facility Response VS. Any update method is accepted. Purpose: Both facilities and the dashboards see the true status of every referral. | E62: 1. In the receiving EMR, mark the Test Data referral Received, then Accepted, then Completed. 2. Use a second test referral to Reject with a reason. 3. Confirm each new status on the SHR with the server-side evidence. (Status timestamps are checked in TS2-13.) Mark each sub-item (↳) below; Achieved is counted automatically. ★ = critical sub-item: if it is Not Met (or N/A) the criterion counts as a critical failure. Server-side evidence — any ONE of: (a) Interoperability Layer transaction log (e.g., OpenHIM), (b) Inferno / official FHIR validator report, or (c) the raw FHIR request / response payload provided by the developer and captured during the session. | F62: Screenshots + server-side evidence of each Task update | G62: Validator + server-side check + Observer | H62: ★ subs | I62: 2 | J62: Count | K62: =COUNTA(A63:A66)-COUNTIF(M63:M66,"N/A") | L62: =COUNTIF(M63:M66,"Met") | M62: =IF(COUNTIF(M63:M66,"N/A")=COUNTA(A63:A66),"N/A",IF(COUNTIF(M63:M66,"Not Tested")>0,"Not Tested","Counted")) | N62: =IF(M62="N/A",IF(H62="Yes",0,""),IF(M62="Not Tested",0,IF(J62="Tier",IF(M62="Fully integrated",1,IF(M62="Standalone - manual encoding",0.5,0)),IF(J62="Binary",IF(M62="Met",1,0),IF(M62="Counted",IF(N(K62)>0,IF(J62="All-or-nothing",IF(N(L62)>=K62,1,0),MIN(N(L62)/K62,1)),0),0))))) | O62: =IF(COUNTIF(M63:M66,"Not Met")>0,COUNTIF(M63:M66,"Not Met")&" of "&K62&" need compliance: "&_xlfn.TEXTJOIN("; ",TRUE(),U63:U66),IF(COUNTIF(M63:M66,"Not Tested")>0,COUNTIF(M63:M66,"Not Tested")&" of "&COUNTA(A63:A66)&" not yet tested",IF(M62="N/A","","All compliant"))) | Q62: =IF(N62="",0,I62) | R62: =IF(N62="",0,I62*N62) | S62: =IF(OR(AND(H62="Yes",M62<>"Not Tested",N62<>"",N62<1),COUNTIFS(H63:H66,"Yes",M63:M66,"Not Met")+COUNTIFS(H63:H66,"Yes",M63:M66,"N/A")>0),1,0) | T62: Criterion | V62: =COUNTA(A63:A66)-COUNTIF(M63:M66,"Not Tested") | W62: =IF(AND(T62="Criterion",I62>0,M62<>"Not Tested",N62<>"",OR(N(N62)<1,S62=1)),A62,"")
A63: TS2-11.1 | B63: ↳ sub-item | C63: Received — Task.status = received | D63: (part of TS2-11) | H63: Yes | M63: Not Tested | O63: =IF(M63="Not Met","Needs compliance",IF(M63="Not Tested","Not yet tested","")) | T63: Sub | U63: =IF(M63="Not Met","("&1&") "&IF(H63="Yes","★ ","")&C63,"")
A64: TS2-11.2 | B64: ↳ sub-item | C64: Accepted — Task.status = accepted | D64: (part of TS2-11) | H64: Yes | M64: Not Tested | O64: =IF(M64="Not Met","Needs compliance",IF(M64="Not Tested","Not yet tested","")) | T64: Sub | U64: =IF(M64="Not Met","("&2&") "&IF(H64="Yes","★ ","")&C64,"")
A65: TS2-11.3 | B65: ↳ sub-item | C65: Rejected with reason — Task.status = rejected + statusReason (second test referral) | D65: (part of TS2-11) | M65: Not Tested | O65: =IF(M65="Not Met","Needs compliance",IF(M65="Not Tested","Not yet tested","")) | T65: Sub | U65: =IF(M65="Not Met","("&3&") "&IF(H65="Yes","★ ","")&C65,"")
A66: TS2-11.4 | B66: ↳ sub-item | C66: Completed — Task.status = completed | D66: (part of TS2-11) | M66: Not Tested | O66: =IF(M66="Not Met","Needs compliance",IF(M66="Not Tested","Not yet tested","")) | T66: Sub | U66: =IF(M66="Not Met","("&4&") "&IF(H66="Yes","★ ","")&C66,"")
A67: TS2-12 | B67: Referral status | C67: Status changes made by the receiving facility are shown at the referring facility | D67: Read the updated Task from the SHR (polling, subscription or IOL notification — vendor's choice) and show the current status to the referring facility. Purpose: The referring facility knows whether the patient is expected. | E67: Change the status at the receiving EMR (TS2-11); Met if the referring EMR shows the new status, including a rejection and its reason. Server-side evidence — any ONE of: (a) Interoperability Layer transaction log (e.g., OpenHIM), (b) Inferno / official FHIR validator report, or (c) the raw FHIR request / response payload provided by the developer and captured during the session. | F67: Screenshot at referring EMR + server-side evidence | G67: Validator + server-side check + Observer | H67: Yes | I67: 2 | J67: Binary | M67: Not Tested | N67: =IF(M67="N/A",IF(H67="Yes",0,""),IF(M67="Not Tested",0,IF(J67="Tier",IF(M67="Fully integrated",1,IF(M67="Standalone - manual encoding",0.5,0)),IF(J67="Binary",IF(M67="Met",1,0),IF(M67="Counted",IF(N(K67)>0,IF(J67="All-or-nothing",IF(N(L67)>=K67,1,0),MIN(N(L67)/K67,1)),0),0))))) | O67: =IF(M67="Not Met","Needs compliance",IF(M67="Not Tested","Not yet tested","")) | Q67: =IF(N67="",0,I67) | R67: =IF(N67="",0,I67*N67) | S67: =IF(AND(H67="Yes",M67<>"Not Tested",N67<>"",N67<1),1,0) | T67: Criterion | W67: =IF(AND(T67="Criterion",I67>0,M67<>"Not Tested",N67<>"",OR(N(N67)<1,S67=1)),A67,"")
A68: TS2-13 | B68: Status history | C68: Every status change of the referral is time-stamped and kept: requested, received, accepted / rejected, completed (moved from L4-06; Connectathon Issue #26) | D68: Record the date/time of each Task status change so the history can be read back (Task history / versions, Provenance, or Task.lastModified per update — vendor's choice; ERefTask marks authoredOn and lastModified as Must Support). Earlier timestamps must not be overwritten. Purpose: Needed for audit and for turnaround time (IND-08). | E68: Validator (server-side) reads the Task history (_history) or the linked Provenance on the SHR after TS2-11. Count the 4 status changes that have a date/time that matches when they were made. Mark each sub-item (↳) below; Achieved is counted automatically. ★ = critical sub-item: if it is Not Met (or N/A) the criterion counts as a critical failure. Server-side evidence — any ONE of: (a) Interoperability Layer transaction log (e.g., OpenHIM), (b) Inferno / official FHIR validator report, or (c) the raw FHIR request / response payload provided by the developer and captured during the session. | F68: Task history / Provenance from the SHR | G68: Validator (server-side check) | H68: Yes | I68: 2 | J68: Count | K68: =COUNTA(A69:A72)-COUNTIF(M69:M72,"N/A") | L68: =COUNTIF(M69:M72,"Met") | M68: =IF(COUNTIF(M69:M72,"N/A")=COUNTA(A69:A72),"N/A",IF(COUNTIF(M69:M72,"Not Tested")>0,"Not Tested","Counted")) | N68: =IF(M68="N/A",IF(H68="Yes",0,""),IF(M68="Not Tested",0,IF(J68="Tier",IF(M68="Fully integrated",1,IF(M68="Standalone - manual encoding",0.5,0)),IF(J68="Binary",IF(M68="Met",1,0),IF(M68="Counted",IF(N(K68)>0,IF(J68="All-or-nothing",IF(N(L68)>=K68,1,0),MIN(N(L68)/K68,1)),0),0))))) | O68: =IF(COUNTIF(M69:M72,"Not Met")>0,COUNTIF(M69:M72,"Not Met")&" of "&K68&" need compliance: "&_xlfn.TEXTJOIN("; ",TRUE(),U69:U72),IF(COUNTIF(M69:M72,"Not Tested")>0,COUNTIF(M69:M72,"Not Tested")&" of "&COUNTA(A69:A72)&" not yet tested",IF(M68="N/A","","All compliant"))) | Q68: =IF(N68="",0,I68) | R68: =IF(N68="",0,I68*N68) | S68: =IF(OR(AND(H68="Yes",M68<>"Not Tested",N68<>"",N68<1),COUNTIFS(H69:H72,"Yes",M69:M72,"Not Met")+COUNTIFS(H69:H72,"Yes",M69:M72,"N/A")>0),1,0) | T68: Criterion | V68: =COUNTA(A69:A72)-COUNTIF(M69:M72,"Not Tested") | W68: =IF(AND(T68="Criterion",I68>0,M68<>"Not Tested",N68<>"",OR(N(N68)<1,S68=1)),A68,"")
A69: TS2-13.1 | B69: ↳ sub-item | C69: Requested — date/time recorded (Task.authoredOn) | D69: (part of TS2-13) | H69: Yes | M69: Not Tested | O69: =IF(M69="Not Met","Needs compliance",IF(M69="Not Tested","Not yet tested","")) | T69: Sub | U69: =IF(M69="Not Met","("&1&") "&IF(H69="Yes","★ ","")&C69,"")
